{"classes":["PERSON","NORP","FAC","ORG","GPE","LOC","PRODUCT","EVENT","WORK_OF_ART","LAW","LANGUAGE","DATE","TIME","PERCENT","MONEY","QUANTITY","ORDINAL","CARDINAL"],"annotations":[["Bands Make Their Mark",{"entities":[]}],["-LRB- Eric Lin / tr. by David Mayer -RRB-",{"entities":[[6,14,"PERSON"],[24,35,"PERSON"]]}],["The band tradition in Taiwan dates back to the time when the US military forces had bases on the island .",{"entities":[[22,28,"GPE"],[61,79,"ORG"]]}],["It was de rigueur to have a live band at all the bars frequented by American soldiers .",{"entities":[[68,76,"NORP"]]}],["Veteran radio program host Tao Hsiao - ching recalls that when she wanted to organize a concert in the 1960s , there were already a lot of bands to choose from .",{"entities":[[27,36,"PERSON"],[103,108,"DATE"]]}],["Apart from bands that worked the bars , there were others that went into the pop music scene .",{"entities":[[77,80,"WORK_OF_ART"]]}],["One example was \" The Five Flower Petals , \" a five - girl band .",{"entities":[[18,40,"WORK_OF_ART"],[47,51,"CARDINAL"]]}],["Lead singer Tsai Mi - mi had a very sweet voice -LRB- \" Mama ! Mama ! Give me a guitar . . . . \" -RRB- , and she was nice looking too .",{"entities":[[12,24,"PERSON"],[56,94,"WORK_OF_ART"]]}],["But the Flower Petals were n't so much a band as a collection of teen idols .",{"entities":[[8,21,"WORK_OF_ART"]]}],["A number of bands appeared in the 1960s that sang mostly Western songs .",{"entities":[[34,39,"DATE"],[57,64,"LOC"]]}],["Their lead singers sometimes got noticed by music companies and became famous singers .",{"entities":[]}],["The most famous ones were Huang Ying - ying , Julie Su , Kao Ling - feng , and Billy .",{"entities":[[26,43,"PERSON"],[46,54,"PERSON"],[57,72,"PERSON"],[79,84,"PERSON"]]}],["Campus bands across the island began writing their own music and lyrics in the 1970s .",{"entities":[[79,84,"DATE"]]}],["Notable examples include The Travelers and Wood Guitar .",{"entities":[[25,38,"WORK_OF_ART"],[43,54,"WORK_OF_ART"]]}],["These bands , and the folk music they sang , reigned supreme on into the 1980s until the sudden rise of a number of extremely popular rock bands .",{"entities":[[73,78,"DATE"]]}],["Some of the more notable 1980s rock bands were The Chiu Chiu 's , The Red Ants , and several bands featuring Hsueh Yueh .",{"entities":[[25,35,"DATE"],[47,60,"WORK_OF_ART"],[66,78,"WORK_OF_ART"],[109,119,"PERSON"]]}],["Looking back on the origins of band music , Tao Hsiao - ching attributes its popularity to the albums of Lo Ta - yu and the fact that many proprietors of pubs and other establishments that hire live music started putting emphasis on \" the band sound . \"",{"entities":[[44,61,"PERSON"],[105,115,"WORK_OF_ART"]]}],["The social commentary in the lyrics of these songs also elicited a strong response .",{"entities":[]}],["According to Wang Tsu - shou , a senior reporter at Minsheng Daily , \" Youth bands were so popular , we thought for a while that we had entered into a sort of ' Age of the Band , ' but it turned out to be short - lived . \"",{"entities":[[13,28,"PERSON"],[52,66,"ORG"],[161,176,"WORK_OF_ART"]]}],["The high tide of band music spurred the formation of many student bands , and KHS Musical Company used to organize an annual campus rock band competition where many singers and bands got their first big break , including Chang Yu - sheng , Tai Cheng - hsiao , and The Orient Express .",{"entities":[[78,97,"ORG"],[160,164,"CARDINAL"],[193,198,"ORDINAL"],[221,237,"PERSON"],[240,257,"PERSON"],[264,282,"PERSON"]]}],["The latter , which was composed entirely of good - looking guys , was the only group that released an album together after going professional , however , while Chang and Tai opted to strike out on their own as solo artists .",{"entities":[[160,165,"PERSON"],[170,173,"PERSON"]]}],["As Tao Hsiao - ching explains , band music only appealed to a limited market , and it was very expensive to keep a band operating .",{"entities":[[3,20,"PERSON"]]}],["For these reasons , music companies preferred to sign up only the lead singers .",{"entities":[]}],["This remained the prevailing pattern in the industry from Kao Ling - feng 's time through the appearance of Chang Yu - sheng .",{"entities":[[58,73,"PERSON"],[108,124,"PERSON"]]}],["Then China , Harlem Yu -AMP- Ding Jian Pai Dang , Baboo , and Wu Bai and his band all released albums in 1992 .",{"entities":[[5,10,"WORK_OF_ART"],[13,22,"WORK_OF_ART"],[29,47,"WORK_OF_ART"],[50,55,"WORK_OF_ART"],[62,68,"PERSON"],[105,109,"DATE"]]}],["The music world was electrified , and people began talking once again about the arrival of \" the Age of the Band , \" but the market for this music was still weak .",{"entities":[[93,112,"WORK_OF_ART"]]}],["The only one of these albums that became a big hit was Harlem Yu -AMP- Ding Jian Pai Dang , and this album 's strong sales were due in large part to the fame of the singer , Harlem Yu .",{"entities":[[55,64,"WORK_OF_ART"],[71,89,"WORK_OF_ART"],[174,183,"PERSON"]]}],["Wu Bai , in the meantime , held fast to his rock style and struggled into the mid-90s .",{"entities":[[0,6,"PERSON"],[78,85,"DATE"]]}],["Then , playing to small pub audiences , he finally hooked up with a band called China Blue and rocketed to immense popularity as locally rooted Taiwanese culture began to take on a certain cachet .",{"entities":[[80,90,"WORK_OF_ART"],[144,153,"LOC"]]}],["The success of Wu Bai -AMP- China Blue has rested primarily , however , on Wu 's reputation as a singer and songwriter , while the band has played more of a supporting role .",{"entities":[[15,21,"PERSON"],[28,38,"PERSON"],[75,77,"PERSON"]]}],["Amidst this rebirth of youth bands in the 1990s , there has been a very interesting undercurrent .",{"entities":[[42,47,"DATE"]]}],["Groupie , LTK Commune , and a raft of other underground bands have quietly been carving out a niche for themselves in the pub scene .",{"entities":[[0,7,"ORG"],[10,21,"ORG"]]}],["Both mainstream and non-mainstream music companies -LRB- such as Friendly Dog and Crystal Records , respectively -RRB- have begun to release their albums , thus giving a small number of enthusiasts ample opportunity to keep up to date with the unde",{"entities":[[65,77,"WORK_OF_ART"],[82,97,"WORK_OF_ART"]]}]]}