{"classes":["PERSON","NORP","FAC","ORG","GPE","LOC","PRODUCT","EVENT","WORK_OF_ART","LAW","LANGUAGE","DATE","TIME","PERCENT","MONEY","QUANTITY","ORDINAL","CARDINAL"],"annotations":[["Comes with someone involved in case of a 22 - year - old disabled woman in Florida .",{"entities":[[41,43,"CARDINAL"],[75,82,"LOC"]]}],["They talk about her current predicament .",{"entities":[]}],["A mind of toddler , raped while in state care , pregnant , and forced in the spotlight when Jeb Bush tried to get a guardian appointed for her fetus .",{"entities":[[92,100,"PERSON"]]}],["Predicament goes hard enough to describe that .",{"entities":[]}],["To continue a pregnancy that her lawyer says she is not aware of but the decision was n't based on the advice of the governor .",{"entities":[]}],["Here 's CNN 's Susan Candyioti .",{"entities":[[8,11,"ORG"],[15,30,"PERSON"]]}],["Reporter :",{"entities":[]}],["We know her only by her initial , this mother - to - be , JDS .",{"entities":[]}],["Only 22 years old with no known family .",{"entities":[[5,7,"CARDINAL"]]}],["Police say she has the mental capacity of a 1 - year - old .",{"entities":[[0,6,"ORG"],[44,45,"CARDINAL"]]}],["According to court filing , JDS has cerebral palsy and she 's autistic .",{"entities":[]}],["She did n't become pregnant by choice , she was raped , police say in a group home overseen by the state of Florida .",{"entities":[[56,62,"ORG"],[108,115,"LOC"]]}],["JDS is now more than six months pregnant .",{"entities":[[21,24,"CARDINAL"]]}],["Since she 's incapable of making her own decision , a Florida judge based his decision on below to give birth on the recommendation .",{"entities":[[54,61,"LOC"]]}],["Two doctors agreed JDS is , `` in good health . ''",{"entities":[]}],["Two sonograms reveal , no obvious or significant fetal abnormalities .",{"entities":[]}],["Although , JDS is autistic , a guardian says JDS appears to be responsive not just sitting in a semiconscious state all the time .",{"entities":[]}],["Still undecided , an appeal by Governor Jeb Bush , who wants the guardian apointed for the fetus .",{"entities":[[31,48,"PERSON"]]}],["He says the unborn child must be protected .",{"entities":[]}],["However , a spokesman for the governor says he calls the court ruling for JDS , not to abort the baby , compassionate and humane .",{"entities":[]}],["Last month in Miami , a judge ordered an abortion for another severely disabled raped woman who had been living in a state - regulated home .",{"entities":[[14,19,"LOC"]]}],["In that case , the young woman 's mother approved the abortion .",{"entities":[]}],["And in this case , there are a lot of unanswered questions still .",{"entities":[]}],["For example , what will happen to the baby , and what will happen to JDS ?",{"entities":[]}],["Of course , according to the guardian , she 's very worried about that , too , and she has warned the court that she hopes the mother will be placed in a better home when all of this is over , one where she is far better protected than she was by the state in a home where police say she was raped .",{"entities":[]}],["Aaron ?",{"entities":[]}],["Well , two questions .",{"entities":[]}],["Do they know who the rapist is ?",{"entities":[]}],["That 's sort a yes or no , I suppose .",{"entities":[]}],["And the other is , Has the state done anything ?",{"entities":[]}],["Is it doing anything to tighten up security in these places with respect defenseless people are being attacked ?",{"entities":[]}],["Reporter :",{"entities":[]}],["Well , first of all , regarding the rape , they hope to find out who the father is once she gives birth because they will analyze DNA from the baby in order to try to determine paternity in this case , and the governor has ordered a panel of experts now to study this issue of security .",{"entities":[]}],["Far better security than is clearly needed for people such as this woman , JDS , living in group homes .",{"entities":[]}],["Well , we will wait for the report .",{"entities":[]}],["Thank you , Susan .",{"entities":[[12,17,"PERSON"]]}],["Susan Candiotti in Florida .",{"entities":[[0,15,"PERSON"],[19,26,"LOC"]]}],["Coming up on `` Newsnight , '' a cease - fire in the Middle East , is there one or is it lots of talk .",{"entities":[[53,64,"LOC"]]}],["Actions say different .",{"entities":[]}],["We 'll talk to a Palestinian legal representative , their legal adviser when we continue from New York .",{"entities":[[17,28,"NORP"],[94,102,"LOC"]]}]]}