{"classes":["PERSON","NORP","FAC","ORG","GPE","LOC","PRODUCT","EVENT","WORK_OF_ART","LAW","LANGUAGE","DATE","TIME","PERCENT","MONEY","QUANTITY","ORDINAL","CARDINAL"],"annotations":[["Xinhua News Agency , Shanghai , April 3rd , by reporter Jierong Zhou",{"entities":[[0,18,"ORG"],[21,29,"LOC"],[32,41,"DATE"],[56,68,"PERSON"]]}],["Recently , HSBC has moved its Shanghai branch to the China Shipping Mansion in the Pudong Lujiazui financial trading district , becoming the third foreign capital bank to be approved to operate RMB business and shift to Pudong .",{"entities":[[11,15,"ORG"],[30,38,"LOC"],[53,75,"FAC"],[83,125,"FAC"],[194,197,"ORG"],[220,226,"LOC"]]}],["At the moment , Shanghai already has 8 foreign capital banks approved to operate RMB business .",{"entities":[[16,24,"LOC"],[37,38,"CARDINAL"],[81,84,"ORG"]]}],["They are the US 's Citibank , Hong Kong 's HSBC , Japan 's Tokyo Mitsubishi Bank , Japan 's Industrial Bank , the Shanghai Branch of the Standard and Chartered Bank , Shanghai 's BNP Paris Bank , the Shanghai Branch of Japan 's Dai - Ichi Kangyo Bank and the Shanghai Branch of Japan 's Sanwa Bank .",{"entities":[[13,27,"ORG"],[30,47,"ORG"],[50,80,"ORG"],[83,107,"ORG"],[114,122,"LOC"],[137,164,"ORG"],[167,193,"ORG"],[200,208,"LOC"],[219,250,"ORG"],[259,267,"LOC"],[278,297,"ORG"]]}],["According to regulations , these 8 banks will all move to Pudong soon .",{"entities":[[33,34,"CARDINAL"],[58,64,"LOC"]]}],["After the policy was formally announced for the Pudong Lujiazui Financial Trade District to allow foreign capital banks to operate RMB business , more than 40 foreign capital banks and financial institutions have submitted applications to establish branches in Pudong .",{"entities":[[48,88,"ORG"],[131,134,"ORG"],[156,158,"CARDINAL"],[261,267,"LOC"]]}],["When selecting locations in Lujiazui , some foreign financial institutions do not mind the real estate prices , but focus more on whether the class of the building is compatible with the standing of the company .",{"entities":[[28,36,"LOC"]]}],["The Franklin Templeton Company , whose headquarters are in California , USA , and which has registered capital of 130 billion US dollars all around the world , decided to establish its local China headquarters in Pudong .",{"entities":[[4,30,"ORG"],[59,69,"LOC"],[72,75,"GPE"],[114,136,"MONEY"],[191,196,"GPE"],[213,219,"LOC"]]}],["The president of the company and the Asian regional president personally surveyed Pudong and decided to choose office locations in the Shanghai Securities Building , which has a floor rate of more than 2700 US dollars per square meter .",{"entities":[[37,42,"NORP"],[82,88,"LOC"],[135,163,"FAC"],[202,217,"MONEY"]]}],["Now , the Templeton Company has formally signed a contract , and bought the floor area of the entire 18th floor of the Securities Building .",{"entities":[[10,27,"ORG"],[101,105,"ORDINAL"],[119,138,"FAC"]]}],["Currently , foreign - capital banks and financial institutions such as Hong Kong 's HSBC , the Shanghai Branch of the Japan Industrial Bank , the Holland Co-operation Bank , Shanghai Branch of the Belgium Credit Bank , etc. , have successively settled down in the Lujiazui Financial Trading District .",{"entities":[[71,80,"NORP"],[84,88,"ORG"],[95,103,"LOC"],[118,139,"GPE"],[146,171,"GPE"],[174,182,"LOC"],[197,216,"ORG"],[264,299,"ORG"]]}],["Soon , a large number of domestic and foreign financial institutions , and large companies will also come , one after another , to settle in .",{"entities":[]}],["Together with the financial street which has already formed in the Waitan district , a Shanghai central commercial district is in the process of forming .",{"entities":[[87,95,"LOC"]]}],["-LRB- End -RRB-",{"entities":[]}]]}