{"classes":["PERSON","NORP","FAC","ORG","GPE","LOC","PRODUCT","EVENT","WORK_OF_ART","LAW","LANGUAGE","DATE","TIME","PERCENT","MONEY","QUANTITY","ORDINAL","CARDINAL"],"annotations":[["Up first , on `` CNN Live Today '' , sentencing this hour in the case of Sam Waksal , the man at the center of the Martha Stewart scandal .",{"entities":[[17,31,"PRODUCT"],[73,83,"PERSON"],[115,129,"PERSON"]]}],["He could become the highest ranking executive to go to prison in the recent series of corporate scandals .",{"entities":[]}],["CNN Financial News correspondent Chris Huntington is outside the federal courthouse where sentencing is under way .",{"entities":[[0,18,"ORG"],[33,49,"PERSON"]]}],["Chris ?",{"entities":[[0,5,"PERSON"]]}]]}