{"classes":["PERSON","NORP","FAC","ORG","GPE","LOC","PRODUCT","EVENT","WORK_OF_ART","LAW","LANGUAGE","DATE","TIME","PERCENT","MONEY","QUANTITY","ORDINAL","CARDINAL"],"annotations":[["Former U.N. Ambassador Jeane Kirkpatrick , in a CNN `` Capital Gang '' discussion Oct. 7 of House action on federal catastrophic - illness insurance :",{"entities":[[7,11,"NORP"],[23,40,"PERSON"],[48,51,"ORG"],[55,67,"PRODUCT"],[82,88,"DATE"]]}],["I think this repeal was kind of a thoughtless action , as a matter of fact ... .",{"entities":[]}],["They will have to revisit this issue , and they 'll have to revisit it before long .",{"entities":[]}]]}