{"classes":["PERSON","NORP","FAC","ORG","GPE","LOC","PRODUCT","EVENT","WORK_OF_ART","LAW","LANGUAGE","DATE","TIME","PERCENT","MONEY","QUANTITY","ORDINAL","CARDINAL"],"annotations":[["They 're very dusty honey",{"entities":[]}],["I could n't believe how many sweaters you have",{"entities":[]}],["like oh my god y- you could open a secondhand shop for like thirty sweaters",{"entities":[[60,66,"CARDINAL"]]}],["it 's",{"entities":[]}],["oh my god",{"entities":[]}],["yeah",{"entities":[]}],["we have a lot of %um very crappy sweaters",{"entities":[]}],["I mean a lot of it looked like",{"entities":[]}],["yeah",{"entities":[]}],["yeah",{"entities":[]}],["I was thinking to my-",{"entities":[]}],["well I would n't keep this",{"entities":[]}],["I know",{"entities":[]}],["I know",{"entities":[]}],["Thank you so much",{"entities":[]}],["I ca n't believe that you 're doing all that",{"entities":[]}],["But %um So and then she washed like all the dishes that were on the shelves",{"entities":[]}],["like so when you come back at least you know you have some oh my god Clean dishes and something you can wear and %um",{"entities":[]}],["oh I feel so bad you know",{"entities":[]}],["it 's like I fee- I I I I do n't feel so bad about you because I do n't feel like you 're so traumatized",{"entities":[]}],["but I feel so bad about Tamara because I feel like she was sort of truly traumatized you know by the whole thing",{"entities":[]}],["and I do n't",{"entities":[]}],["yeah",{"entities":[]}],["but it 's o- it 's okay I mean",{"entities":[]}],["I mean",{"entities":[]}],["yeah",{"entities":[]}],["yeah",{"entities":[]}],["she 's really sweet",{"entities":[]}],["I mean after she went in and and ha- %eh saw the fleas she never went back in there",{"entities":[]}],["she always sent me in",{"entities":[]}],["she sent you in",{"entities":[]}],["have you been have you been watering the plants by the way like along the way because I know that she never went in anymore",{"entities":[]}],["I I watered them like once %um before I bombed the f- the first time",{"entities":[]}],["yeah",{"entities":[]}],["okay",{"entities":[]}],["good",{"entities":[]}],["great",{"entities":[]}],["and n- now again",{"entities":[]}],["but they they they look okay",{"entities":[]}],["yeah",{"entities":[]}],["okay",{"entities":[]}],["okay",{"entities":[]}],["great",{"entities":[]}],["because I kind o- because I was thinking like %um at the point where that happened I was wondering if like Tamara like got so shocked by the whole thing that she just like did n't you know think to tell you that she has n't she had n't been watering the plants because I knew that she was n't going in there you know yeah and stuff",{"entities":[[107,113,"PERSON"]]}],["so",{"entities":[]}],["yeah",{"entities":[]}],["No ,",{"entities":[]}],["but now it 's really they 're definitely gone now",{"entities":[]}],["oh boy",{"entities":[]}],["I mean Tamara is still like you know",{"entities":[[7,13,"PERSON"]]}],["but you know there still can be a a mutation",{"entities":[]}],["You 're a big spoil",{"entities":[]}],["you know there are mutations you know",{"entities":[]}],["and",{"entities":[]}],["who was saying that",{"entities":[]}],["oh",{"entities":[]}],["Tamara",{"entities":[[0,6,"PERSON"]]}],["Poor poor girl",{"entities":[]}],["She 's totally",{"entities":[]}],["yeah",{"entities":[]}],["well as soon as Lilly",{"entities":[[16,21,"PERSON"]]}],["but Tamara",{"entities":[[4,10,"PERSON"]]}],["come on",{"entities":[]}],["I mean",{"entities":[]}],["yeah",{"entities":[]}],["but",{"entities":[]}],["as soon as Lilly is back in the apartment they 'll go on her",{"entities":[[11,16,"PERSON"]]}],["and if we keep",{"entities":[]}],["%um you tol- did you tell me about the stuff that you rub into them and they the fleas die",{"entities":[]}],["yeah",{"entities":[]}],["but you do n't you do n't need that",{"entities":[]}],["you do n't have to put that you do n't have to give that to Lilly anymore if the fleas are gone",{"entities":[[60,65,"PERSON"]]}],["yeah",{"entities":[]}],["the fleas are gone",{"entities":[]}],["I do n't think it 's so good for her you know yeah i- because it really goes into the the blood you know",{"entities":[]}],["yeah",{"entities":[]}],["yeah",{"entities":[]}],["But %um if you let her out again",{"entities":[]}],["I mean I have",{"entities":[]}],["yeah",{"entities":[]}],["then it can happen again",{"entities":[]}],["but you know you can %uh put a flea collar collar around her you know",{"entities":[]}],["right",{"entities":[]}],["right",{"entities":[]}],["I 'm going to do that",{"entities":[]}],["I 'm sure you know I actually have one here still I I felt We 've never we 've never had a flea in that apartment which is",{"entities":[]}],["you know it must have started with one little fucking flea you know",{"entities":[]}],["%uh it 's really bizarre the whole story how it got in there",{"entities":[]}],["you know the thing it 's like the thing",{"entities":[]}],["like I was horrified when Kristen told me",{"entities":[[26,33,"PERSON"]]}],["and I was even getting mad",{"entities":[]}],["and I was like saying like did n't you ever clean the place . you know",{"entities":[]}],["and apparently it does n't have anything to do with that No like if the place is clean or not you know",{"entities":[]}],["No",{"entities":[]}],["and my sister Lisa said that her house has been infested %um several times with fleas while they were living in it just because of the dog you know",{"entities":[[14,18,"PERSON"]]}],["and %um the dog was always running around outside",{"entities":[]}],["and and you know the place gets completely %um infested",{"entities":[]}],["and she had to bomb while they were living there",{"entities":[]}],["and what they did was they bombed everything but the kitchen you know",{"entities":[]}],["mhm",{"entities":[]}],["and then %um like they put down a plastic thing over the dining room table and things like that",{"entities":[]}],["but you b- and you know it 's like",{"entities":[]}],["and you just lived in the in the poison afterwards",{"entities":[]}],["and she said well yeah you know",{"entities":[]}],["that 's %um that 's",{"entities":[]}],["yeah",{"entities":[]}],["well I mean all you can do is like just wash everything make a do a Spring clean when you get that",{"entities":[]}],["yeah",{"entities":[]}],["yeah",{"entities":[]}],["yeah",{"entities":[]}],["Well when I get back you know I mean if Tamara washed the plates that 's very nice",{"entities":[[40,46,"PERSON"]]}],["but I 'm going to take them all out",{"entities":[]}],["and then I 'm going to wash down that %um you know that thing",{"entities":[]}],["and %uh I 'm supposed to be speaking native English .",{"entities":[[44,51,"LANGUAGE"]]}],["Well she did that",{"entities":[]}],["she did that",{"entities":[]}],["the kitchen shelf the white one",{"entities":[]}],["though she did n't she did n't get everything out of the cupboard",{"entities":[]}],["and and",{"entities":[]}],["I mean you still have to do that .",{"entities":[]}],["yeah",{"entities":[]}],["the white",{"entities":[]}],["no",{"entities":[]}],["she I do n't think you have to I do n't think you have to do that really",{"entities":[]}],["I mean we do n't use those",{"entities":[]}],["You know we noticed afterwards that the door was a little bit open you know one of the doors",{"entities":[]}],["so",{"entities":[]}],["yeah",{"entities":[]}],["so that 's that 's okay",{"entities":[]}],["but %um I think the only thing that 's in there are glasses",{"entities":[]}],["we 'll wa- we wash the glasses",{"entities":[]}],["yeah",{"entities":[]}],["yeah",{"entities":[]}],["but that 's so sweet of her",{"entities":[]}],["I ca n't believe she did that",{"entities":[]}],["oh god I feel so I feel horrible",{"entities":[]}],["No",{"entities":[]}],["it 's okay",{"entities":[]}],["yeah",{"entities":[]}],["thank you so much",{"entities":[]}],["thank you so much",{"entities":[]}],["you 're welcome",{"entities":[]}],["You know it 's it 's %um",{"entities":[]}],["You owe us a nice dinner .",{"entities":[]}],["Yes ,",{"entities":[]}],["I know",{"entities":[]}],["definitely .",{"entities":[]}],["a real feast .",{"entities":[]}],["A total feast ,",{"entities":[]}],["yeah",{"entities":[]}],["oh Christian 's really looking forward to coming back .",{"entities":[[3,12,"PERSON"]]}],["He 's he 's getting like %um mhm getting a little bit tired of being here because like it 's so hard to %um break into the scene",{"entities":[]}],["like there 's so many musicians here that even if you go to like a session and you play really good and people see that you 're playing good and turn their heads and stuff like that , nobody comes up to him and asks him who he is -- yeah -- because they they do n't want to know anybody new you know",{"entities":[]}],["it 's it 's like they do n't want any more competition",{"entities":[]}],["and he 's like",{"entities":[]}],["yeah",{"entities":[]}],["You know , he was going to a lot of sessions for a while in Harlem and stuff like that",{"entities":[]}],["and then he kind of just got fed up and stopped",{"entities":[]}],["and he 's been practicing at home",{"entities":[]}],["%mm",{"entities":[]}],["but he 's about ready to come back , you know .",{"entities":[]}],["And I could stay here longer , definitely .",{"entities":[]}],["Yes ,",{"entities":[]}],["yes",{"entities":[]}],["I love being here",{"entities":[]}],["I love being here .",{"entities":[]}],["yeah",{"entities":[]}],["You know I do really good %um just being here",{"entities":[]}],["it 's a-",{"entities":[]}],["you know I think I do want to spend a longer period of time in New York again .",{"entities":[[63,71,"LOC"]]}],["mhm",{"entities":[]}],["You know it jus- it 's it 's it 's you know it 's just totally natural , probably because I have my own place ,",{"entities":[]}],["but %um you know , a lot of good things are are happening .",{"entities":[]}],["Like the show is coming up .",{"entities":[]}],["I 'm in the middle of framing these photographs for the show",{"entities":[]}],["and show 's coming up",{"entities":[]}],["and I 've got my book into a couple of different collections and things like that",{"entities":[]}],["mhm",{"entities":[]}],["and %uh just you know seeing people that I have n't seen in a long time and you know getting to know a couple of people a little bit better ,",{"entities":[]}],["like I got to know %um Karen",{"entities":[[23,28,"PERSON"]]}],["remember k- %uh Laura 's friend , Karen Rosenflat ?",{"entities":[[16,21,"PERSON"],[34,49,"PERSON"]]}],["yeah",{"entities":[]}],["yeah",{"entities":[]}],["yeah",{"entities":[]}],["I got to know her like a-",{"entities":[]}],["I mean we went to school together and everything like that",{"entities":[]}],["but I did n't really know her very well .",{"entities":[]}],["I got to know her a bit better .",{"entities":[]}],["I got to know my sister - in - law Arty 's wife better",{"entities":[[35,39,"PERSON"]]}],["and you know it 's been kind of it 's been kind of nice just being back , you know ? mhm and stuff",{"entities":[]}],["but %um god when I come back to Berlin , it 's going to be %um it 's going to it 's going to be like You know stressed from day one because %uh yeah because the show the show is coming up in the Vica",{"entities":[[32,38,"LOC"],[195,199,"LOC"]]}],["and %um",{"entities":[]}],["Want to hear something funny",{"entities":[]}],["I wa- wanted to show those objects you know those overpainted objects in the glass cases and stuff",{"entities":[]}],["and I 'm going to make pedestals What ? for them and stretch this kind of brocade fabric around uh-huh around these panels you know of the pedestals",{"entities":[]}],["and they 're pairing me together with another like conceptual minimalist %um Gunda Fursta who did like a red projection like just a like a slide projection of a red color onto a wall as like a last you know work that she did .",{"entities":[[77,89,"PERSON"]]}],["I think it th- this one gallery",{"entities":[]}],["I mean unless it 's an ugly red . You know ,",{"entities":[]}],["but it 's probably just going to be a very deep kind of red you know",{"entities":[]}],["I think it 's going to kind of look funny",{"entities":[]}],["where is that going to be ?",{"entities":[]}],["in the -AMP-",{"entities":[]}],["where is that again ?",{"entities":[]}],["they moved .",{"entities":[]}],["They used to be on %uh Furssdom",{"entities":[[23,31,"PERSON"]]}],["and they moved to Brunemstrascher",{"entities":[[18,33,"LOC"]]}],["Budem , right ?",{"entities":[[0,5,"PERSON"]]}],["Brunemstra-",{"entities":[[0,11,"LOC"]]}],["Brunemstrascher ,",{"entities":[[0,15,"LOC"]]}],["yeah",{"entities":[]}],["uh-huh",{"entities":[]}],["yeah",{"entities":[]}],["so",{"entities":[]}],["it 's going to be",{"entities":[]}],["this Hai Tawanly show that I saw in New York when I was there is here now",{"entities":[[36,44,"LOC"]]}],["Where",{"entities":[]}],["at the %uh",{"entities":[]}],["yeah",{"entities":[]}],["really",{"entities":[]}],["the only the only stop in Europe",{"entities":[[26,32,"NORP"]]}],["oh wow is it going to still be open when I get back",{"entities":[]}],["%uh yeah",{"entities":[]}],["until November some time",{"entities":[[6,14,"DATE"]]}],["oh good",{"entities":[]}],["oh good good good because because I like his work",{"entities":[]}],["I 'd like to see that",{"entities":[]}],["it 's a big show",{"entities":[]}],["yeah",{"entities":[]}],["it 's great",{"entities":[]}],["I so- I sold a book to the Museum of Modern Art",{"entities":[[27,47,"FAC"]]}],["Did I tell you that ?",{"entities":[]}],["No",{"entities":[]}],["oh",{"entities":[]}],["and I sent I sent one to the Whitney",{"entities":[[29,36,"PERSON"]]}],["Well",{"entities":[]}],["but I have n't heard anything From them",{"entities":[]}],["I mean it 's just a measly little book",{"entities":[]}],["if you know what I mean",{"entities":[]}],["but",{"entities":[]}],["because I got like a total thrill out of that",{"entities":[]}],["what do you mean you sold a book to them",{"entities":[]}],["%uh %uh this %um the  drain book you know",{"entities":[]}],["yeah",{"entities":[]}],["I sold them one",{"entities":[]}],["they bought one",{"entities":[]}],["the archives",{"entities":[]}],["oh the archives oh",{"entities":[]}],["yeah",{"entities":[]}],["yeah",{"entities":[]}],["because I 've been trying to trying to get it around into other %um archives",{"entities":[]}],["but I have n't had you know any good response",{"entities":[]}],["Now your name is listed in in the Museum of Modern Art",{"entities":[[34,54,"FAC"]]}],["I I I do n't even think so",{"entities":[]}],["no",{"entities":[]}],["yeah",{"entities":[]}],["right",{"entities":[]}],["it 'll be engraved in stone on the outside",{"entities":[]}],["well not that but somewhere in the computer",{"entities":[]}],["%um poss-",{"entities":[]}],["yeah",{"entities":[]}],["it 's somewhere in the in the in the %um archives",{"entities":[]}],["archives",{"entities":[]}],["computer",{"entities":[]}],["computer",{"entities":[]}],["right",{"entities":[]}],["right",{"entities":[]}],["yeah",{"entities":[]}],["but it 's not I do n't I do n't even know if that 's considered officially part of the collection you know",{"entities":[]}],["Lilly stop that",{"entities":[]}],["just",{"entities":[]}],["what what she doing ?",{"entities":[]}],["She 's fucking got my chair completely",{"entities":[]}],["oh my god",{"entities":[]}],["she 's scratching all the time up",{"entities":[]}],["I 'll have to get her a scratching post",{"entities":[]}],["and then she does these things",{"entities":[]}],["she loves like being under the red material under the chairs",{"entities":[]}],["yeah",{"entities":[]}],["and then like sometime- %uh sometimes she drives me crazy",{"entities":[]}],["I mean I like playing with her like that",{"entities":[]}],["but",{"entities":[]}],["yeah",{"entities":[]}],["I total- I sit here",{"entities":[]}],["and I and I do n't even know that she 's under the material",{"entities":[]}],["oh god",{"entities":[]}],["and then I 'll let my let my arm hanging down",{"entities":[]}],["and then she jumps like you know jumps at my arm and starts",{"entities":[]}],["and she thinks I want to play with her",{"entities":[]}],["and then sometimes I 'm just really like shocked",{"entities":[]}],["she 's very very playful",{"entities":[]}],["yeah",{"entities":[]}],["she 's very playful",{"entities":[]}],["oh %uh",{"entities":[]}],["that 's going to be nice to see Lilly again",{"entities":[[32,37,"PERSON"]]}],["there 's we have two cats here",{"entities":[]}],["and one them is kind of dumb",{"entities":[]}]]}