{"classes":["PERSON","NORP","FAC","ORG","GPE","LOC","PRODUCT","EVENT","WORK_OF_ART","LAW","LANGUAGE","DATE","TIME","PERCENT","MONEY","QUANTITY","ORDINAL","CARDINAL"],"annotations":[["In Yugoslavia , at least six cities lost power today in an attempt by striking coal miners to get President Slobodan Milosevic to admit defeat in recent elections .",{"entities":[[3,13,"GPE"],[25,28,"CARDINAL"],[108,126,"PERSON"]]}],["In the capital Belgrade , students and opposition party supporters rallied as the government warned of a crackdown on so - called `` subversives . ''",{"entities":[[15,23,"LOC"]]}],["Businesses and factories also closed in support of opposition candidate Vojislav Kostunica .",{"entities":[[72,90,"PERSON"]]}],["The Yugoslav Election Commission claims he did not win more than 50 % of the vote .",{"entities":[[4,32,"ORG"],[65,69,"PERCENT"]]}],["A runoff election is set for October .",{"entities":[[29,36,"DATE"]]}]]}