{"classes":["PERSON","NORP","FAC","ORG","GPE","LOC","PRODUCT","EVENT","WORK_OF_ART","LAW","LANGUAGE","DATE","TIME","PERCENT","MONEY","QUANTITY","ORDINAL","CARDINAL"],"annotations":[["The Better Business Bureau of San Diego and the state Attorney General 's office entered into a settlement stemming from an investigation of bureau - sponsored business directories published by an outside firm , Better Book Inc .",{"entities":[[4,26,"ORG"],[30,39,"LOC"],[54,70,"ORG"],[212,227,"ORG"]]}],["The settlement stems from charges that Better Book , now defunct , made misrepresentations in selling advertising for the directories and memberships in the bureau from 1984 to 1986 .",{"entities":[[39,50,"ORG"],[169,173,"DATE"],[177,181,"DATE"]]}],["Without admitting any guilt , the bureau agreed to several conditions if it again contracts with an outside firm to publish its directories .",{"entities":[]}],["The conditions include not misrepresenting how many directories will be distributed , and agreeing to make refunds to directory advertisers if any misrepresentations are involved in the sale .",{"entities":[]}],["The Attorney General 's investigation was sparked by lawsuits and charges by angry California businesspeople that they were swindled in a bureau - sponsored directory project contracted by Better Book .",{"entities":[[4,20,"ORG"],[83,93,"LOC"],[189,200,"ORG"]]}],["The uproar led to the closing of the Los Angeles Better Business Bureau in late 1987 .",{"entities":[[37,71,"ORG"],[75,84,"DATE"]]}]]}