{"classes":["PERSON","NORP","FAC","ORG","GPE","LOC","PRODUCT","EVENT","WORK_OF_ART","LAW","LANGUAGE","DATE","TIME","PERCENT","MONEY","QUANTITY","ORDINAL","CARDINAL"],"annotations":[["While corn and soybean prices have slumped well below their drought - induced peaks of 1988 , wheat prices remain stubbornly high .",{"entities":[[87,91,"DATE"]]}],["And they 're likely to stay that way for months to come , analysts say .",{"entities":[]}],["For one thing , even with many farmers planting more winter wheat this year than last , tight wheat supplies are likely to support prices well into 1990 , the analysts say .",{"entities":[[148,152,"DATE"]]}],["And if rain does n't fall soon across many of the Great Plains ' wheat - growing areas , yields in the crop now being planted could be reduced , further squeezing supplies .",{"entities":[[50,62,"ORG"]]}],["Also supporting prices are expectations that the Soviet Union will place substantial buying orders over the next few months .",{"entities":[[49,61,"NORP"]]}],["By next May 31 , stocks of U.S. wheat to be carried over into the next season -- before the winter wheat now being planted is harvested -- are projected to drop to 443 million bushels .",{"entities":[[8,14,"DATE"],[27,31,"GPE"],[164,167,"CARDINAL"]]}],["That would be the lowest level since the early 1970s .",{"entities":[[41,52,"DATE"]]}],["Stocks were 698 million bushels on May 31 of this year .",{"entities":[[12,15,"CARDINAL"],[35,54,"DATE"]]}],["In response to dwindling domestic supplies , Agriculture Secretary Clayton Yeutter last month said the U.S. government would slightly increase the number of acres farmers can plant in wheat for next year and still qualify for federal support payments .",{"entities":[[45,82,"ORG"],[83,93,"DATE"],[103,107,"NORP"]]}],["The government estimates that the new plan will boost production next year by about 66 million bushels .",{"entities":[[84,86,"CARDINAL"]]}],["It now estimates production for next year at just under 2.6 billion bushels , compared with this year 's estimated 2.04 billion and a drought - stunted 1.81 billion in 1988 .",{"entities":[[56,59,"CARDINAL"],[115,119,"CARDINAL"],[152,156,"CARDINAL"],[168,172,"DATE"]]}],["But the full effect on prices of the winter wheat now being planted wo n't be felt until the second half of next year .",{"entities":[[93,117,"DATE"]]}],["Until then , limited stocks are likely to keep prices near the $ 4 - a - bushel level , analysts say .",{"entities":[[63,66,"MONEY"]]}],["On the Chicago Board of Trade Friday , wheat for December delivery settled at $ 4.0675 a bushel , unchanged .",{"entities":[[7,20,"ORG"],[24,36,"EVENT"],[78,86,"MONEY"]]}],["In theory at least , tight supplies next spring could leave the wheat futures market susceptible to a supply - demand squeeze , said Daniel Basse , a futures analyst with AgResource Co. in Chicago .",{"entities":[[133,145,"PERSON"],[171,185,"ORG"],[189,196,"LOC"]]}],["Such a situation can wreak havoc , as was shown by the emergency that developed in soybean futures trading this summer on the Chicago Board of Trade .",{"entities":[[126,148,"ORG"]]}],["In July , the CBOT ordered Ferruzzi Finanziaria S.p . A. to liquidate futures positions equal to about 23 million bushels of soybeans .",{"entities":[[14,18,"ORG"],[27,51,"ORG"],[103,105,"CARDINAL"]]}],["The exchange said it feared that some members would n't be able to find enough soybeans to deliver and would have to default on their contractual obligation to the Italian conglomerate , which had refused requests to reduce its holdings .",{"entities":[]}],["Ferruzzi has denied it was trying to manipulate the soybean futures market .",{"entities":[[0,8,"PERSON"]]}],["Unseasonably hot , dry weather across large portions of the Great Plains and in wheat - growing areas in Washington and Oregon is threatening to reduce the yield from this season 's winter wheat crop , said Conrad Leslie , a futures analyst and head of Leslie Analytical in Chicago .",{"entities":[[105,115,"LOC"],[120,126,"LOC"],[207,220,"PERSON"],[253,270,"ORG"],[274,281,"LOC"]]}],["For example , in the Oklahoma panhandle , 40 % or more of the topsoil is short of moisture .",{"entities":[[21,29,"LOC"],[42,46,"PERCENT"]]}],["That figure climbs to about 47 % in wheat - growing portions of Kansas , he said .",{"entities":[[28,32,"PERCENT"],[64,70,"LOC"]]}],["The Soviet Union has n't given any clear indication of its wheat purchase plans , but many analysts expect Moscow to place sizable orders for U.S. wheat in the next few months , further supporting prices .",{"entities":[[4,16,"NORP"],[107,113,"LOC"],[142,146,"GPE"]]}],["`` Wheat prices will increasingly pivot off of Soviet demand '' in coming weeks , predicted Richard Feltes , vice president , research , for Refco Inc. in Chicago .",{"entities":[[47,53,"NORP"],[92,106,"PERSON"],[141,151,"ORG"],[155,162,"LOC"]]}],["Looking ahead to other commodity markets this week :",{"entities":[]}],["Orange Juice Traders will be watching to see how long and how far the price decline that began Friday will go .",{"entities":[[0,20,"ORG"]]}],["Late Thursday , after the close of trading , the market received what would normally have been a bullish U.S. Department of Agriculture estimate of the 1989 - 90 Florida orange crop .",{"entities":[[0,13,"DATE"],[105,135,"ORG"],[152,161,"DATE"],[162,169,"LOC"]]}],["It was near the low range of estimates , at 130 million 90 - pound boxes , compared with 146.6 million boxes last season .",{"entities":[[44,47,"CARDINAL"],[56,58,"CARDINAL"],[89,94,"CARDINAL"]]}],["However , as expected , Brazil waited for the crop estimate to come out and then cut the export price of its juice concentrate to about $ 1.34 a pound from around $ 1.55 .",{"entities":[[24,30,"GPE"],[136,142,"MONEY"],[163,169,"MONEY"]]}],["Friday 's consequent selling of futures contracts erased whatever supportive effect the U.S. report might have had and sent the November orange juice contract down as much as 6.55 cents a pound at one time .",{"entities":[[88,92,"GPE"],[175,185,"MONEY"]]}],["It settled with a loss of 4.95 cents at $ 1.3210 a pound .",{"entities":[[26,36,"MONEY"],[40,48,"MONEY"]]}],["Brazilian juice , after a delay caused by drought at the start of its crop season , is beginning to arrive in the U.S. in large quantities .",{"entities":[[0,9,"NORP"],[114,118,"GPE"]]}],["Brazil wants to stimulate demand for its product , which is going to be in plentiful supply .",{"entities":[[0,6,"GPE"]]}],["The price cut , one analyst said , appeared to be aimed even more at Europe , where consumption of Brazilian juice has fallen .",{"entities":[[69,75,"GPE"],[99,108,"NORP"]]}],["It 's a dollar - priced product , and the strong dollar has made it more expensive in Europe , the analyst said .",{"entities":[[8,14,"MONEY"],[49,55,"MONEY"],[86,92,"GPE"]]}],["New York futures prices have dropped significantly from more than $ 2 a pound at midyear .",{"entities":[[0,8,"LOC"],[66,69,"MONEY"],[81,88,"DATE"]]}],["Barring a cold snap or other crop problems in the growing areas , downward pressure on prices is likely to continue into January , when harvesting and processing of oranges in Florida reach their peak , the analyst said .",{"entities":[[121,128,"DATE"],[176,183,"LOC"]]}],["Energy",{"entities":[]}],["Although some analysts look for profit - taking in the wake of Friday 's leap in crude oil prices , last week 's rally is generally expected to continue this week .",{"entities":[[100,109,"DATE"]]}],["`` I would continue to look for a stable crude market , at least in futures '' trading , said William Hinton , an energy futures broker with Stotler -AMP- Co .",{"entities":[[94,108,"PERSON"],[141,157,"ORG"]]}],["Friday capped a week of steadily rising crude oil prices in both futures and spot markets .",{"entities":[]}],["On the New York Mercantile Exchange , West Texas Intermediate crude for November delivery finished at $ 20.89 a barrel , up 42 cents on the day .",{"entities":[[7,35,"ORG"],[38,61,"ORG"],[102,109,"MONEY"],[124,132,"MONEY"]]}],["On European markets , meanwhile , spot prices of North Sea crudes were up 35 to 75 cents a barrel .",{"entities":[[3,11,"NORP"],[49,58,"LOC"],[74,76,"CARDINAL"],[80,82,"CARDINAL"]]}],["`` This market still wants to go higher , '' said Nauman Barakat , a first vice president at Shearson Lehman Hutton Inc .",{"entities":[[50,64,"PERSON"],[93,119,"ORG"]]}],["He predicted that the November contract will reach $ 21.50 a barrel or more on the New York Mercantile Exchange .",{"entities":[[22,30,"DATE"],[51,58,"MONEY"],[83,111,"ORG"]]}],["There has been little news to account for such buoyancy in the oil markets .",{"entities":[]}],["Analysts generally cite a lack of bearish developments as well as rumors of a possible tightening of supplies of some fuels and crudes .",{"entities":[]}],["There also are recurring reports that the Soviet Union is having difficulties with its oil exports and that Nigeria has about reached its production limit and ca n't produce as much as it could sell .",{"entities":[[42,54,"NORP"],[108,115,"GPE"]]}],["Many traders foresee a tightening of near - term supplies , particularly of high - quality crudes such as those produced in the North Sea and in Nigeria .",{"entities":[[128,137,"LOC"],[145,152,"GPE"]]}]]}