{"classes":["PERSON","NORP","FAC","ORG","GPE","LOC","PRODUCT","EVENT","WORK_OF_ART","LAW","LANGUAGE","DATE","TIME","PERCENT","MONEY","QUANTITY","ORDINAL","CARDINAL"],"annotations":[["The Israeli and Palestinian leaders have spoken by telephone in a new effort to try to stem the ongoing violence in the Middle East .",{"entities":[[4,11,"GPE"],[16,27,"GPE"],[120,131,"LOC"]]}],["Israel says the two leaders agree to maintain limited security cooperation .",{"entities":[[0,6,"GPE"]]}],["The phone call took place while the Palestinian leader Yasser Arafat was holding talks in Moscow with the President Putin .",{"entities":[[36,47,"NORP"],[55,68,"PERSON"],[90,96,"GPE"],[116,121,"PERSON"]]}],["Nick Childs reports .",{"entities":[[0,11,"PERSON"]]}],["The telephone call between the Israeli Prime Minister Ehud Barak and the Palestinian leader Yasser Arafat represents another faint glimmer of hope that the two sides may be able to rein in the latest cycle of violence between them .",{"entities":[[54,64,"PERSON"],[73,84,"NORP"],[92,105,"PERSON"]]}],["According to Mr. Barak 's office they 've agreed to maintain a measure of security cooperation , which had been on the verge of complete breakdown .",{"entities":[[17,22,"PERSON"]]}],["A phone call also represents something of a coup for Russia , which is anxious to boost its Middle East role .",{"entities":[[53,59,"GPE"],[92,103,"LOC"]]}],["It was apparently engineered by President Vladimir Putin during his talks with Mr. Arafat .",{"entities":[[42,56,"PERSON"],[83,89,"PERSON"]]}],["Nick Childs , BBC News , Jerusalem .",{"entities":[[0,11,"PERSON"],[14,22,"ORG"],[25,34,"GPE"]]}]]}