{"classes":["PERSON","NORP","FAC","ORG","GPE","LOC","PRODUCT","EVENT","WORK_OF_ART","LAW","LANGUAGE","DATE","TIME","PERCENT","MONEY","QUANTITY","ORDINAL","CARDINAL"],"annotations":[["Amoco Corp. said it plans to install two platforms and drill as many as 22 wells to develop oil reserves it discovered in the Atlantic Ocean about 25 miles off the coast of Congo .",{"entities":[[0,11,"ORG"],[72,74,"CARDINAL"],[126,140,"LOC"],[147,149,"CARDINAL"],[173,178,"GPE"]]}],["Amoco , an energy concern , is the operator of the project with a 43.75 % working interest , and other partners include Hydro Congo , the Congolese state oil company , with a 50 % interest , and Kuwait Foreign Petroleum Exploration Co. with a 6.25 % stake .",{"entities":[[66,73,"PERCENT"],[120,131,"ORG"],[138,147,"LOC"],[175,179,"PERCENT"],[195,235,"ORG"],[243,249,"PERCENT"]]}],["Production is expected to be about 40,000 barrels of oil a day after completion of the drilling program .",{"entities":[[35,41,"CARDINAL"],[59,68,"DATE"]]}]]}