{"classes":["PERSON","NORP","FAC","ORG","GPE","LOC","PRODUCT","EVENT","WORK_OF_ART","LAW","LANGUAGE","DATE","TIME","PERCENT","MONEY","QUANTITY","ORDINAL","CARDINAL"],"annotations":[["A state trial judge in Illinois gave preliminary approval to a proposed settlement of a suit against a Bank of New York Co. unit , Irving Trust Co. , over the interest rates on Irving 's former One Wall Street Account money - market deposit accounts .",{"entities":[[23,31,"LOC"],[103,123,"ORG"],[131,147,"ORG"],[194,217,"ORG"]]}],["Judge Albert Green , in Cook County Circuit Court in Chicago , also recognized the suit , filed last May by Robert and Cynthia Langendorf , as a class action covering thousands of Irving customers .",{"entities":[[6,18,"PERSON"],[24,49,"ORG"],[53,60,"LOC"],[101,104,"DATE"],[108,114,"PERSON"],[119,137,"PERSON"],[167,176,"CARDINAL"]]}],["The plaintiffs accused Irving of paying less interest than promised in a marketing brochure .",{"entities":[]}],["Irving maintained -- and still does -- that its actions were proper under its account agreements with customers .",{"entities":[]}],["Under the proposed settlement , customers with valid claims -- to be submitted by Dec. 15 -- will receive `` valuable bank services , '' such as credit cards with reduced finance charges , for two years .",{"entities":[[82,89,"DATE"],[193,196,"CARDINAL"]]}],["Larry Drury , attorney for the plaintiffs , valued the settlement at between $ 6 million and $ 8 million .",{"entities":[[0,11,"PERSON"],[77,88,"MONEY"],[93,104,"MONEY"]]}],["A Bank of New York spokesman in Manhattan , Owen Brady , said , `` That 's the maximum , outside figure .",{"entities":[[2,18,"ORG"],[32,41,"LOC"],[44,54,"PERSON"]]}]]}