{"classes":["PERSON","NORP","FAC","ORG","GPE","LOC","PRODUCT","EVENT","WORK_OF_ART","LAW","LANGUAGE","DATE","TIME","PERCENT","MONEY","QUANTITY","ORDINAL","CARDINAL"],"annotations":[["Banca Nazionale del Lavoro said its potential losses from lending to Iraq could reach 1.175 trillion lire -LRB- $ 872 million -RRB- , marking the bank 's first quantification of potential costs of unauthorized lending by its Atlanta branch .",{"entities":[[0,26,"ORG"],[69,73,"GPE"],[86,113,"MONEY"],[114,125,"MONEY"],[225,232,"LOC"]]}],["BNL previously reported that its Georgia branch had taken on loan commitments topping $ 3 billion without the Rome - based management 's approval .",{"entities":[[0,3,"ORG"],[33,40,"LOC"],[86,97,"MONEY"]]}],["State - owned BNL , Italy 's largest bank , has filed charges against the branch 's former manager , Christopher Drogoul , and a former branch vice president , alleging fraud and breach of their fiduciary duties .",{"entities":[[14,17,"ORG"],[20,25,"GPE"],[101,120,"PERSON"]]}],["BNL also said that its board had approved `` after an in - depth discussion , '' a letter to the Bank of Italy outlining measures the state - owned bank has taken or plans to take to improve controls on its foreign branches .",{"entities":[[0,3,"ORG"],[97,110,"ORG"]]}],["The central bank had ordered BNL to come up with a suitable program by yesterday .",{"entities":[[29,32,"ORG"]]}],["Bank of Italy has also ordered BNL to shore up its capital base to account for potential foreign loan losses , and the Rome bank has outlined a 3 trillion lire capital - raising operation .",{"entities":[[0,13,"ORG"],[31,34,"ORG"],[119,123,"GPE"],[144,154,"CARDINAL"]]}],["BNL was unable to elaborate on what measures were planned by the bank to improve controls on its branches abroad .",{"entities":[[0,3,"ORG"]]}]]}