{"classes":["PERSON","NORP","FAC","ORG","GPE","LOC","PRODUCT","EVENT","WORK_OF_ART","LAW","LANGUAGE","DATE","TIME","PERCENT","MONEY","QUANTITY","ORDINAL","CARDINAL"],"annotations":[["Canada is on the path to becoming the third country to allow gay marriage .",{"entities":[[0,6,"GPE"],[38,43,"ORDINAL"]]}],["The federal government will not appeal the court ruling that cleared the way for same - sex unions .",{"entities":[]}],["Prime Minister Jean Chretien says the government will now draft legislation legalizing gay marriages .",{"entities":[[15,28,"PERSON"]]}],["And the U.S. government can repeat , can withhold the names of people detained as part of the 9 / 11 investigation .",{"entities":[[8,12,"GPE"],[94,100,"CARDINAL"]]}],["That 's the decision from a federal appeals court reversing a lower court ruling .",{"entities":[]}],["The Justice Department argued that releasing the names could hamper ongoing investigations .",{"entities":[[4,22,"ORG"]]}],["As we 've been reporting , only within the past hour or so , there 's been a shooting incident in central Israel , not far from the West Bank .",{"entities":[[43,52,"TIME"],[106,112,"GPE"],[132,141,"ORG"]]}],["A 7 - year - old Israeli girl has died .",{"entities":[[2,3,"CARDINAL"],[17,24,"NORP"]]}],["Two others , her father apparently and another sister , have been wounded in this incident .",{"entities":[]}],["We 're going to continue to get more details on this late - breaking development and bring you those details when we have them .",{"entities":[]}]]}