{"classes":["PERSON","NORP","FAC","ORG","GPE","LOC","PRODUCT","EVENT","WORK_OF_ART","LAW","LANGUAGE","DATE","TIME","PERCENT","MONEY","QUANTITY","ORDINAL","CARDINAL"],"annotations":[["When the Supreme Soviet passed laws on workers ' rights in May 1987 and on self - managing cooperatives a year later , some Western observers assumed Mikhail Gorbachev had launched the Soviet Union on a course that would lead inevitably to the creation of a market economy .",{"entities":[[9,23,"NORP"],[59,67,"DATE"],[124,131,"LOC"],[150,167,"PERSON"],[185,197,"NORP"]]}],["Their only doubt concerned the possibility that Mr. Gorbachev might not survive the opposition that his reforms would arouse and that the whole process might be reversed .",{"entities":[[52,61,"PERSON"]]}],["If Mr. Gorbachev 's goal is the creation of a free market , he and these Western observers have good reason to fear for his future , as economic liberalization within communist societies leads inexorably to demands for fundamental political reform accompanied by civil unrest .",{"entities":[[7,16,"PERSON"],[73,80,"LOC"]]}],["These fears were clearly apparent when , last week , Secretary of State James Baker blocked a speech by Robert Gates , deputy national security adviser and Soviet expert , on the ground that it was too pessimistic about the chances of Mr. Gorbachev 's economic reforms succeeding .",{"entities":[[72,83,"PERSON"],[104,116,"PERSON"],[156,162,"NORP"],[239,248,"PERSON"]]}],["Yet the Soviet leader 's readiness to embark on foreign visits and steady accumulation of personal power , particularly since the last Politburo reshuffle on Sept. 30 , do not suggest that Mr. Gorbachev is on the verge of being toppled ; nor does he look likely to reverse the powers of perestroika .",{"entities":[[8,14,"NORP"],[135,144,"FAC"],[158,166,"DATE"],[193,202,"PERSON"]]}],["Indeed , the Soviet miners strike this summer clearly demonstrated that Mr. Gorbachev must proceed with economic reform .",{"entities":[[13,19,"NORP"],[76,85,"PERSON"]]}],["But is he so clever that he has achieved the political equivalent of making water run uphill ?",{"entities":[]}],["And has he truly persuaded the Communist Party to accept economic change of a kind that will , sooner or later , lead to its demise ?",{"entities":[[31,46,"ORG"]]}],["An alternative and more convincing explanation , confirmed by recent events and a close inspection of the Gorbachev program , is that the new Soviet economic and social structures are intended to conform to a model other than that of the market .",{"entities":[[106,115,"PERSON"],[142,148,"NORP"]]}],["For example , while the laws on individual labor activity allow a citizen to earn a living independent of the state , strict provisions are attached on how far this may lead to the development of a free market .",{"entities":[]}],["Before becoming self - employed , or setting up a cooperative , workers must seek permission from the local soviet -LRB- council -RRB- .",{"entities":[[108,114,"NORP"]]}],["Permission is far from automatic : The soviets have the legal right to turn down applications and impose conditions , and they appear to be exercising these powers .",{"entities":[[39,46,"NORP"]]}],["Private dressmaking , for example , is allowed in 10 Soviet republics but banned by five ; shoemaking is allowed in seven but illegal in nine .",{"entities":[[50,52,"CARDINAL"],[53,69,"NORP"],[84,88,"CARDINAL"],[116,121,"CARDINAL"],[137,141,"CARDINAL"]]}],["The controls on cooperatives appeared relatively liberal when first introduced .",{"entities":[[62,67,"ORDINAL"]]}],["But that changed following a resolution from the Supreme Soviet banning cooperatives from operating in some areas of the economy , and permitting activity in others only if the cooperatives are under contract to the state .",{"entities":[[49,63,"NORP"]]}],["All independent media activity is now illegal , which perhaps is not surprising , but so is the manufacture of perfume , cosmetics , household chemicals and sand candles .",{"entities":[]}],["Medical cooperatives , among the most successful in the U.S.S.R. , are banned from providing general - practitioner services -LRB- their main source of income -RRB- , carrying out surgery , and treating cancer patients , drug addicts and pregnant women .",{"entities":[[56,64,"GPE"]]}],["Earlier this month , the Supreme Soviet adopted two more resolutions restricting the freedom of cooperatives : The first enables the soviets to set prices for which goods may be sold ; the second bans cooperatives from buying `` industrial and food goods '' from the state or other cooperatives .",{"entities":[[25,39,"NORP"]]}],["If Mr. Gorbachev is looking toward unleashing the productive forces of the market , these latest resolutions are nothing short of reckless .",{"entities":[[7,16,"PERSON"]]}],["Along with some other revealing indicators , these developments suggest that while Mr. Gorbachev wishes to move away from some rigid central controls , he is bent on creating economic structures of a kind that would scarcely find favor with the Austrian or Chicago schools of economic thought .",{"entities":[[87,96,"PERSON"],[245,253,"GPE"],[257,264,"GPE"]]}],["Mr. Gorbachev has ruled out the use of the market to solve the problem of insufficient consumer goods .",{"entities":[[4,13,"PERSON"]]}],["He told the Congress of People 's Deputies on May 30 : `` We do not share this approach , since it would immediately destroy the social situation and disrupt all the processes in the country . ''",{"entities":[[12,42,"ORG"],[46,52,"DATE"]]}],["Having rejected central economic planning for economic reasons , and the market for fear of the social -LRB- political -RRB- consequences , Mr. Gorbachev seeks a `` third way '' that would combine the discipline and controls of the former with the economic benefits of the latter .",{"entities":[[144,153,"PERSON"]]}],["Most important , this would leave the party intact and its monopoly of political power largely undisturbed .",{"entities":[]}],["Indeed , Mr. Gorbachev 's proposals display a close conceptual resemblance to the tenets of Italian fascism , whose architects spoke specifically of a `` third way '' : of having produced a historic synthesis of socialism and capitalism .",{"entities":[[13,22,"PERSON"],[92,99,"GPE"]]}],["They , too , promised to combine economic efficiency with order and discipline .",{"entities":[]}],["The emergence of Russian corporatism had been anticipated in journalist George Urban 's introduction to a series of colloquies -- `` Can the Soviet System Survive Reform ? '' -- published this spring .",{"entities":[[17,24,"NORP"],[72,84,"PERSON"],[141,169,"LAW"]]}],["`` Communism will reach its final stage of development in a feckless Russo -- corporation - socialist in form , nationalistic in content and Oriental in style -- that will puzzle the world with alternating feats of realism and recklessness ... . ''",{"entities":[[3,12,"NORP"],[69,74,"ORG"]]}],["The fascist concept of corporatism envisaged an `` organic '' society in which citizens were spiritually and morally unified , and prepared to sacrifice themselves for the nation .",{"entities":[]}],["This unification was to be brought about through policies and institutions that would unite workers and employers with government in a fully integrated and `` harmonic '' society .",{"entities":[]}],["The key to the creation of the `` organic '' state lay in the formation of `` natural '' groups that would undertake the role of decision - making .",{"entities":[]}],["By contrast , a parliamentary system based on abstract political rights and groups was held to cause , rather than resolve , conflict .",{"entities":[]}],["The closeness of Soviet perestroika to the fascist social blueprint of Mussolini was evident when Mr. Gorbachev presented his economic vision to the Soviet Congress .",{"entities":[[17,23,"NORP"],[71,80,"PERSON"],[102,111,"PERSON"],[149,164,"ORG"]]}],["In doing so , he neither rejected a socialist planned economy nor embraced the free market .",{"entities":[]}],["Instead , he proposed a `` law - governed economy , '' in which there would be a `` clear - cut division between state direction of the economy and economic management . ''",{"entities":[]}],["The latter would be undertaken by `` enterprises , joint stock companies and cooperatives . ''",{"entities":[]}],["These would not function independently , but would act together to form `` combines , unions and associations '' to tackle problems and coordinate their activities .",{"entities":[]}],["Mr. Gorbachev is in a much stronger position to pursue the corporatist ideal than was Mussolini , who was never able to influence business giants such as Pirelli and Fiat .",{"entities":[[4,13,"PERSON"],[86,95,"PERSON"],[154,161,"PERSON"],[166,170,"PERSON"]]}],["The Soviet Communist Party has the power to shape corporate development and mold it into a body dependent upon it .",{"entities":[[4,26,"ORG"]]}],["To ensure the loyalty of the business sector , Mr. Gorbachev may offer concessions and powers that will allow the business community to preserve its own interests , probably by restricting competition .",{"entities":[[51,60,"PERSON"]]}],["However , Mr. Gorbachev must ensure that within this `` alliance '' the business sector remains subordinate to the party .",{"entities":[[14,23,"PERSON"]]}],["At the same time , he must give it sufficient freedom to provide the economic benefits so desperately needed .",{"entities":[]}],["It is the promise of economic returns that is supposed to make the corporatist model attractive to both the party and labor .",{"entities":[]}],["The work force provides the third arm of the `` alliance . ''",{"entities":[]}],["Within the alliance it is supposed to act as a balancing force , guarding against excessive control by government or abuse of its economic position by business , for either could result in a deterioration of its living standards -LRB- under the new resolutions , workers councils may demand that a cooperative be closed or its prices be reduced -RRB- .",{"entities":[]}],["By providing workers with the opportunity to move into the private sector where wages tend to be higher , and by holding out the promise of more consumer goods , Mr. Gorbachev hopes to revive the popularity of the party .",{"entities":[[166,175,"PERSON"]]}],["At the same time , the strategy requires that he deal effectively with those who seek genuine Western - style political pluralism .",{"entities":[[94,101,"LOC"]]}],["The most important development in Mr. Gorbachev 's policy for marginalizing the opposition movement is the claim that the U.S.S.R. also suffers from terrorism .",{"entities":[[38,47,"PERSON"],[122,130,"GPE"]]}],["An increasing number of references by the Soviet press to opposition groups now active in the U.S.S.R. , particularly the Democratic Union , allege that they show `` terroristic tendencies '' and claim that they would be prepared to kill in order to achieve their aims .",{"entities":[[42,48,"NORP"],[94,102,"GPE"],[122,138,"NORP"]]}],["It is possible that , in perpetuating such myths , the ground is being laid for the arrest of opposition activists on the ground of terrorism .",{"entities":[]}],["Mr. Gorbachev would appear to see his central task , however , as that of ensuring that foundations of an alliance among labor , capital and the state are properly laid before the demands for a multiparty system reach a crescendo .",{"entities":[[4,13,"PERSON"]]}],["If he were able to construct a popular and efficient corporatist system , he or his heir would be wellplaced to rein in political opposition , and to re-establish control in Eastern Europe .",{"entities":[[174,188,"LOC"]]}],["The weaknesses in his plan do not lie in the political calculations -- Mr. Gorbachev is a consummate political leader , perhaps one of the greatest -- but in its economic prescription .",{"entities":[[75,84,"PERSON"]]}],["Contrary to widespread belief , Mussolini failed to live up to his promise to make the trains run on time ; it is doubtful whether Soviet - style corporatism will make Soviet trains run on time , or fill the shops with goods that the consumers so desperately crave .",{"entities":[[32,41,"PERSON"],[131,137,"GPE"],[168,174,"GPE"]]}],["Miss Brady is deputy director of the Russian Research Foundation in London .",{"entities":[[0,10,"PERSON"],[37,64,"ORG"],[68,74,"GPE"]]}]]}