{"classes":["PERSON","NORP","FAC","ORG","GPE","LOC","PRODUCT","EVENT","WORK_OF_ART","LAW","LANGUAGE","DATE","TIME","PERCENT","MONEY","QUANTITY","ORDINAL","CARDINAL"],"annotations":[["The following issues were recently filed with the Securities and Exchange Commission :",{"entities":[[50,84,"ORG"]]}],["Intermec Corp. , offering of 1,050,000 common shares , via Goldman , Sachs -AMP- Co. and Piper , Jaffray -AMP- Hopwood Inc .",{"entities":[[0,14,"ORG"],[29,38,"CARDINAL"],[59,66,"ORG"],[69,84,"ORG"],[89,94,"ORG"],[97,122,"ORG"]]}],["Middlesex Water Co. , offering of 150,000 shares of common stock , via Legg Mason Wood Walker Inc. and Howard , Weil , Labouisse , Friedrichs Inc .",{"entities":[[0,19,"ORG"],[34,41,"CARDINAL"],[71,98,"ORG"],[103,109,"ORG"],[112,116,"ORG"],[119,128,"ORG"],[131,145,"ORG"]]}],["Midwesco Filter Resources Inc. , initial offering of 830,000 common shares , to be offered by the company , via Chicago Corp .",{"entities":[[0,30,"ORG"],[53,60,"CARDINAL"],[112,124,"CARDINAL"]]}],["Nylev Municipal Fund Inc. , offering of five million common shares .",{"entities":[[0,25,"CARDINAL"],[40,44,"CARDINAL"]]}],["Occidental Petroleum Corp. , shelf offering of $ 1.5 billion in senior debt securities .",{"entities":[[0,26,"ORG"],[47,60,"MONEY"]]}],["Prime Motor Inns Inc. , offering of up to $ 300 million zero coupon convertible debentures , via Drexel Burnham Lambert Inc. and Montgomery Securities .",{"entities":[[0,21,"ORG"],[42,55,"MONEY"],[104,124,"ORG"],[129,150,"ORG"]]}],["Service Fracturing Co. , proposed offering of 1.2 million shares of common stock , via Lovett Mitchell Webb -AMP- Garrison , Inc. , and Blunt Ellis -AMP- Loewi Inc .",{"entities":[[0,22,"ORG"],[46,57,"CARDINAL"],[87,129,"ORG"],[136,163,"ORG"]]}],["Western Gas Resources Inc. , initial offering of 3,250,000 shares of common stock , of which 3,040,000 shares will be sold by the company and 210,000 shares by a holder , via Prudential - Bache Capital Funding , Smith Barney , Harris Upham -AMP- Co. , and Hanifen , Imhoff Inc .",{"entities":[[0,26,"ORG"],[49,58,"CARDINAL"],[93,102,"CARDINAL"],[142,149,"CARDINAL"],[175,209,"ORG"],[212,224,"ORG"],[227,249,"ORG"],[256,263,"ORG"],[266,278,"ORG"]]}]]}