{"classes":["PERSON","NORP","FAC","ORG","GPE","LOC","PRODUCT","EVENT","WORK_OF_ART","LAW","LANGUAGE","DATE","TIME","PERCENT","MONEY","QUANTITY","ORDINAL","CARDINAL"],"annotations":[["Adolph Coors Co. said its Coors Brewing Co. unit will test market a new line of bottled water in the West beginning early next year .",{"entities":[[0,16,"ORG"],[26,43,"ORG"],[101,105,"LOC"],[116,131,"DATE"]]}],["The move , which was expected , marks the first time since Prohibition that Coors has sold a non-alcoholic beverage , and marks the company 's entry into a crowded , but fast - growing market that generated about $ 2.2 billion in sales last year .",{"entities":[[59,70,"EVENT"],[76,81,"ORG"],[213,226,"MONEY"]]}],["Coors is hoping to become one of the first companies to distribute bottled water nationwide .",{"entities":[[0,5,"ORG"]]}],["Perrier , sold by Perrier Group of America , a unit of Source Perrier S.A. of Paris , and Evian , sold by a U.S. unit BSN of France , are distributed to urban areas nationally , but are less available in rural communities .",{"entities":[[18,42,"ORG"],[55,83,"ORG"],[90,95,"ORG"],[108,112,"GPE"],[118,121,"ORG"],[125,131,"GPE"]]}],["Coors , with its large beer - distribution network , could penetrate more markets .",{"entities":[[0,5,"ORG"]]}],["The company said the water will be called Coors Rocky Mountain Sparkling Water and will come from the same mountain spring as water used in Coors beer .",{"entities":[[42,78,"PRODUCT"],[140,145,"ORG"]]}],["The company said it will sell the water plain and with lemon - lime and cherry flavors and will package it in 28 - ounce bottles and 6.5 ounce bottles as part of six - packs .",{"entities":[[110,120,"QUANTITY"],[133,142,"QUANTITY"],[162,165,"CARDINAL"]]}],["The test markets , though not specified , will be in northern California , Arizona and Colorado , some of the hottest bottled - water markets .",{"entities":[[62,72,"GPE"],[75,82,"GPE"],[87,95,"GPE"]]}]]}