{"classes":["PERSON","NORP","FAC","ORG","GPE","LOC","PRODUCT","EVENT","WORK_OF_ART","LAW","LANGUAGE","DATE","TIME","PERCENT","MONEY","QUANTITY","ORDINAL","CARDINAL"],"annotations":[["Friday , October 27 , 1989",{"entities":[[0,26,"DATE"]]}],["The key U.S. and foreign annual interest rates below are a guide to general levels but do n't always represent actual transactions .",{"entities":[[8,12,"GPE"]]}],["PRIME RATE : 10 1/2 % .",{"entities":[[13,21,"PERCENT"]]}],["The base rate on corporate loans at large U.S. money center commercial banks .",{"entities":[[42,46,"GPE"]]}],["FEDERAL FUNDS : 8 3/4 % high , 8 11/16 % low , 8 5/8 % near closing bid , 8 11/16 % offered .",{"entities":[[16,23,"PERCENT"],[31,40,"PERCENT"],[47,54,"PERCENT"],[74,83,"PERCENT"]]}],["Reserves traded among commercial banks for overnight use in amounts of $ 1 million or more .",{"entities":[[71,82,"MONEY"]]}],["Source : Fulton Prebon -LRB- U.S.A . -RRB- Inc .",{"entities":[[9,48,"ORG"]]}],["DISCOUNT RATE : 7 % .",{"entities":[[16,19,"PERCENT"]]}],["The charge on loans to depository institutions by the New York Federal Reserve Bank .",{"entities":[[54,83,"ORG"]]}],["CALL MONEY : 9 3/4 % to 10 % .",{"entities":[[13,20,"PERCENT"],[24,28,"PERCENT"]]}],["The charge on loans to brokers on stock exchange collateral .",{"entities":[]}],["COMMERCIAL PAPER placed directly by General Motors Acceptance Corp. : 8.50 % 30 to 44 days ; 8.25 % 45 to 65 days ; 8.375 % 66 to 89 days ; 8 % 90 to 119 days ; 7.875 % 120 to 149 days ; 7.75 % 150 to 179 days ; 7.50 % 180 to 270 days .",{"entities":[[70,76,"PERCENT"],[77,90,"DATE"],[93,99,"PERCENT"],[100,113,"DATE"],[116,123,"PERCENT"],[124,137,"DATE"],[140,143,"PERCENT"],[144,158,"DATE"],[161,168,"PERCENT"],[169,184,"DATE"],[187,193,"PERCENT"],[194,209,"DATE"],[212,218,"PERCENT"],[219,234,"DATE"]]}],["COMMERCIAL PAPER : High - grade unsecured notes sold through dealers by major corporations in multiples of $ 1,000 : 8.575 % 30 days ; 8.475 % 60 days ; 8.40 % 90 days .",{"entities":[[107,114,"MONEY"],[117,124,"PERCENT"],[125,132,"DATE"],[135,142,"PERCENT"],[143,150,"DATE"],[153,159,"PERCENT"],[160,167,"DATE"]]}],["CERTIFICATES OF DEPOSIT : 8.09 % one month ; 8.04 % two months ; 8.03 % three months ; 7.96 % six months ; 7.92 % one year .",{"entities":[[26,32,"PERCENT"],[33,42,"DATE"],[45,51,"PERCENT"],[52,62,"DATE"],[65,71,"PERCENT"],[72,84,"DATE"],[87,93,"PERCENT"],[94,104,"DATE"],[107,113,"PERCENT"],[114,122,"DATE"]]}],["Average of top rates paid by major New York banks on primary new issues of negotiable C.D.s , usually on amounts of $ 1 million and more .",{"entities":[[35,43,"GPE"],[86,91,"ORG"],[116,127,"MONEY"]]}],["The minimum unit is $ 100,000 .",{"entities":[[20,29,"MONEY"]]}],["Typical rates in the secondary market : 8.55 % one month ; 8.50 % three months ; 8.40 % six months .",{"entities":[[40,46,"PERCENT"],[47,56,"DATE"],[59,65,"PERCENT"],[66,78,"DATE"],[81,87,"PERCENT"],[88,98,"DATE"]]}],["BANKERS ACCEPTANCES : 8.52 % 30 days ; 8.35 % 60 days ; 8.33 % 90 days ; 8.17 % 120 days ; 8.08 % 150 days ; 8 % 180 days .",{"entities":[[22,28,"PERCENT"],[29,36,"DATE"],[39,45,"PERCENT"],[46,53,"DATE"],[56,62,"PERCENT"],[63,70,"DATE"],[73,79,"PERCENT"],[80,88,"DATE"],[91,97,"PERCENT"],[98,106,"DATE"],[109,112,"PERCENT"],[113,121,"DATE"]]}],["Negotiable , bank - backed business credit instruments typically financing an import order .",{"entities":[]}],["LONDON LATE EURODOLLARS : 8 11/16 % to 8 9/16 % one month ; 8 5/8 % to 8 1/2 % two months ; 8 11/16 % to 8 9/16 % three months ; 8 9/16 % to 8 7/16 % four months ; 8 1/2 % to 8 3/8 % five months ; 8 7/16 % to 8 5/16 % six months .",{"entities":[[0,6,"GPE"],[26,35,"PERCENT"],[39,47,"PERCENT"],[48,57,"DATE"],[60,67,"PERCENT"],[71,78,"PERCENT"],[79,89,"DATE"],[92,101,"PERCENT"],[105,113,"PERCENT"],[114,126,"DATE"],[129,137,"PERCENT"],[141,149,"PERCENT"],[150,161,"DATE"],[164,171,"PERCENT"],[175,182,"PERCENT"],[183,194,"DATE"],[197,205,"PERCENT"],[209,217,"PERCENT"],[218,228,"DATE"]]}],["LONDON INTERBANK OFFERED RATES -LRB- LIBOR -RRB- : 8 11/16 % one month ; 8 11/16 % three months ; 8 7/16 % six months ; 8 3/8 % one year .",{"entities":[[51,60,"PERCENT"],[61,70,"DATE"],[73,82,"PERCENT"],[83,95,"DATE"],[98,106,"PERCENT"],[107,117,"DATE"],[120,127,"PERCENT"],[128,136,"DATE"]]}],["The average of interbank offered rates for dollar deposits in the London market based on quotations at five major banks .",{"entities":[[66,72,"GPE"],[103,107,"CARDINAL"]]}],["FOREIGN PRIME RATES : Canada 13.50 % ; Germany 9 % ; Japan 4.875 % ; Switzerland 8.50 % ; Britain 15 % .",{"entities":[[22,28,"GPE"],[29,36,"PERCENT"],[39,46,"GPE"],[47,50,"PERCENT"],[53,58,"GPE"],[59,66,"PERCENT"],[69,80,"GPE"],[81,87,"PERCENT"],[90,102,"PERCENT"]]}],["These rate indications are n't directly comparable ; lending practices vary widely by location .",{"entities":[]}],["TREASURY BILLS : Results of the Monday , October 23 , 1989 , auction of short - term U.S. government bills , sold at a discount from face value in units of $ 10,000 to $ 1 million : 7.52 % 13 weeks ; 7.50 % 26 weeks .",{"entities":[[32,58,"DATE"],[85,89,"GPE"],[156,164,"MONEY"],[168,179,"MONEY"],[182,188,"PERCENT"],[189,197,"DATE"],[200,206,"PERCENT"],[207,215,"DATE"]]}],["FEDERAL HOME LOAN MORTGAGE CORP . -LRB- Freddie Mac -RRB- :",{"entities":[[0,31,"ORG"],[40,51,"PERSON"]]}],["Posted yields on 30 - year mortgage commitments for delivery within 30 days .",{"entities":[[17,19,"CARDINAL"],[68,70,"CARDINAL"]]}],["9.80 % , standard conventional fixed - rate mortgages ; 7.875 % , 2 % rate capped one - year adjustable rate mortgages .",{"entities":[[0,6,"PERCENT"],[56,63,"PERCENT"],[66,69,"PERCENT"]]}],["Source : Telerate Systems Inc .",{"entities":[[9,31,"ORG"]]}],["FEDERAL NATIONAL MORTGAGE ASSOCIATION -LRB- Fannie Mae -RRB- :",{"entities":[[0,37,"ORG"],[44,54,"PERSON"]]}],["Posted yields on 30 year mortgage commitments for delivery within 30 days -LRB- priced at par -RRB- 9.75 % , standard conventional fixed - rate mortgages ; 8.70 % , 6/2 rate capped one - year adjustable rate mortgages .",{"entities":[[17,19,"CARDINAL"],[59,73,"DATE"],[100,106,"PERCENT"],[156,162,"PERCENT"],[165,168,"CARDINAL"],[181,191,"DATE"]]}],["Source : Telerate Systems Inc .",{"entities":[[9,31,"ORG"]]}],["MERRILL LYNCH READY ASSETS TRUST : 8.65 % .",{"entities":[[0,32,"ORG"],[35,41,"PERCENT"]]}],["Annualized average rate of return after expenses for the past 30 days ; not a forecast of future returns .",{"entities":[[57,69,"DATE"]]}]]}