{"classes":["PERSON","NORP","FAC","ORG","GPE","LOC","PRODUCT","EVENT","WORK_OF_ART","LAW","LANGUAGE","DATE","TIME","PERCENT","MONEY","QUANTITY","ORDINAL","CARDINAL"],"annotations":[["Scentsory Perceptions : What 's the Deal With Aromatherapy ?",{"entities":[]}],["-LRB- Eric Lin / photos by Hsueh Chi - kuang / tr. by Phil Newell -RRB-",{"entities":[[6,14,"PERSON"],[27,44,"PERSON"],[54,65,"PERSON"]]}],["The current fitness trend in Taiwan combines working out with recreation and the traditional Chinese idea of \" health cultivation . \"",{"entities":[[29,35,"GPE"],[93,100,"NORP"]]}],["Of particular interest has been aromatherapy , with its new - age underpinning of the integration of \" body , mind , and spirit . \"",{"entities":[]}],["What exactly is aromatherapy ?",{"entities":[]}],["What can it do for you ?",{"entities":[]}],["Aromatherapy involves the use of \" essential oils \" extracted from the flowers , leaves , branches , bark , rind , or roots of medicinal plants .",{"entities":[]}],["These oils are then mixed with a \" carrier \" -LRB- usually a vegetable oil -RRB- or are diluted .",{"entities":[]}],["There are a number of different applications , including oil massages , fragrant baths , and heating of oils over a flame to diffuse the aroma .",{"entities":[]}],["Tang Ya - chun , president of Alexander Health Clubs , says , \" In fact you could consider aromatherapy the latest trend in personal care .",{"entities":[[0,14,"PERSON"],[30,52,"ORG"]]}],["To combine this with working out is to combine a beauty perspective with a health one , with more of a recreational feel . \"",{"entities":[]}],["There 's nothing new about aroma - therapy .",{"entities":[]}],["People in ancient Rome often rubbed their bodies with oil in the public baths as a means of relieving stress , and the Shen Nong Ben Cao Jing [ Classic of Roots and Herbs Discovered by Shen Nong ] , the oldest Chinese medical treatise , also describes treatments which are functionally the same as aromatherapy .",{"entities":[[18,22,"GPE"],[119,141,"PERSON"],[144,194,"WORK_OF_ART"],[210,217,"NORP"]]}],["So why the sudden surge of interest ?",{"entities":[]}],["Perhaps there is a greater need among modern people - plagued by stress , insomnia , anxiety , and inability to concentrate - to find a way to chill out .",{"entities":[]}],["Tang Ya - chun states that most health clubs in Taiwan combine aromatherapy with hydrotherapy , and include these treatments under their \" spa \" services .",{"entities":[[0,14,"PERSON"],[48,54,"GPE"]]}],["As Tang explains : \" In the spa , particular attention is devoted to the pleasuring and relaxation of the senses of smell , hearing , touch , taste , and vision .",{"entities":[[3,7,"PERSON"]]}],["Besides mellow music , soft lighting , and diffusion of fragrant oils , there is also a ' Vichy bath , ' which allows the skin to breathe more freely .",{"entities":[]}],["With an aromatherapy massage , essential oils sink in , and the skin regains its flexibility . \"",{"entities":[]}],["In order that members can really let their hair down , most \" spa \" facilities are only open to women .",{"entities":[]}],["Because there have to be specialists on duty , the cost is quite high , so in most health clubs aromatherapy is available only at an additional charge .",{"entities":[]}],["Different fragrances have , it is said , different effects : Lavender helps with problems like tension and exhaustion .",{"entities":[]}],["Sandalwood promotes relaxation and tranquility .",{"entities":[]}],["Bergamot helps settle the mind .",{"entities":[]}],["Rose is advised for inflammation and swelling , and it also invigorates the skin .",{"entities":[]}],["Chamomile relieves tension and is used for treating menstrual cramps and insomnia .",{"entities":[]}],["Different oils can be combined depending on different needs .",{"entities":[]}],["Does aromatherapy really work ?",{"entities":[]}],["Ho Tsung - hsien , a doctor of traditional Chinese medicine , says that Chinese medicine has long included some aromatherapy - like treatments , and theoretically it is possible for the medicinal effects of oils to be transmitted to the body through the meridians using tuina -LRB- traditional Chinese massage therapy -RRB- .",{"entities":[[0,16,"PERSON"],[43,50,"NORP"],[72,79,"NORP"],[294,301,"NORP"]]}],["\" Things used in aroma - therapy like lavender and sandalwood definitely help people relax and sleep better , and can relieve tension and headaches , \" says Dr. Ho .",{"entities":[[161,165,"PERSON"]]}],["\" But , \" he cautions , \" the user has to put him - or herself in the proper frame of mind to relax , or else the effect will be largely cancelled out . \"",{"entities":[]}],["He adds , moreover , that he remains skeptical of claims of wider curative powers for aromatherapy .",{"entities":[]}],["A Miss Wu , who sometimes goes to spas , testifies that aromatherapy definitely helps her mellow out .",{"entities":[[7,9,"PERSON"]]}],["\" But at one or two thousand NT dollars per time , it 's too expensive to go to the health club more than once in a while .",{"entities":[[9,39,"MONEY"]]}],["I more often buy aromatic oils and use them at home - just take a fragrant bath or heat the oil to diffuse the fragrance .",{"entities":[]}],["That 's much more affordable . \"",{"entities":[]}],["It is undeniable that both Tang Ya - chun and Miss Wu , who both use aromatherapy from time to time , look vibrant and healthy .",{"entities":[[27,41,"PERSON"],[46,53,"PERSON"]]}],["Is this the result of \" essential oils , \" or is it just that people who would use aromatherapy are the same people who take good care of their health in general ?",{"entities":[]}],["Anyway , there 's no harm in giving it a try yourself , and you may find your own answer .",{"entities":[]}],["p. 36",{"entities":[]}],["A few drops of essential oils , a charming wooden barrel , and a comfy chair - what more could you ask ?",{"entities":[]}],["Health club VIP rooms offer fragrant relaxation .",{"entities":[]}],["p. 37",{"entities":[]}],["Essential oils come in enticing packages ; different aromatherapy products are advised for different effects .",{"entities":[]}]]}