{"classes":["PERSON","NORP","FAC","ORG","GPE","LOC","PRODUCT","EVENT","WORK_OF_ART","LAW","LANGUAGE","DATE","TIME","PERCENT","MONEY","QUANTITY","ORDINAL","CARDINAL"],"annotations":[["Intel Corp. said it reached an agreement with Alliant Computer Systems Corp. to develop software standards for Intel 's i860 microprocessor .",{"entities":[[0,11,"ORG"],[46,76,"ORG"],[111,116,"ORG"],[120,139,"PRODUCT"]]}],["The i860 , introduced earlier this year , is Intel 's entry in the crowded market for reduced instruction set computing , or RISC , computers .",{"entities":[[4,8,"PRODUCT"],[45,50,"ORG"]]}],["Intel , based in Santa Clara , Calif. , is the market leader for traditional microprocessors with its 8086 family that forms the heart of IBM - compatible personal computers .",{"entities":[[0,5,"ORG"],[17,37,"GPE"],[102,106,"PRODUCT"],[138,141,"ORG"]]}],["Under the agreement , Intel will invest $ 3 million to acquire a 4 % stake in Alliant , a maker of minisupercomputers for scientists and engineers .",{"entities":[[22,27,"ORG"],[40,51,"MONEY"],[65,68,"PERCENT"],[78,85,"ORG"]]}],["Alliant , based in Littleton , Mass. , will license its parallel - computing technologies to Intel , providing users a way to let many i860 microprocessors in a single computer work on a problem simultaneously .",{"entities":[[0,7,"ORG"],[19,36,"GPE"],[93,98,"ORG"],[135,155,"PRODUCT"]]}],["Alliant said it plans to use the microprocessor in future products .",{"entities":[]}],["It declined to discuss its plans for upgrading its current product line .",{"entities":[]}]]}