{"classes":["PERSON","NORP","FAC","ORG","GPE","LOC","PRODUCT","EVENT","WORK_OF_ART","LAW","LANGUAGE","DATE","TIME","PERCENT","MONEY","QUANTITY","ORDINAL","CARDINAL"],"annotations":[["GOP vice - presidential nominee Dick Cheney celebrated Thanksgiving in a Washington D.C. hospital where he is recovering from what doctors said was a mild heart attack .",{"entities":[[0,3,"ORG"],[32,43,"PERSON"],[55,67,"EVENT"],[73,88,"GPE"]]}],["Cheney got a telephone call from his democratic counterpart Joseph Lieberman wishing him a speedy recovery .",{"entities":[[0,6,"PERSON"],[60,76,"PERSON"]]}],["The hospital spokeswoman said that Cheney could go home as early as tomorrow if his recovery continues to go well .",{"entities":[[35,41,"PERSON"]]}],["I am Corey Flintoff , NPR News , Washington .",{"entities":[[5,19,"PERSON"],[22,30,"ORG"],[33,43,"GPE"]]}]]}