{"classes":["PERSON","NORP","FAC","ORG","GPE","LOC","PRODUCT","EVENT","WORK_OF_ART","LAW","LANGUAGE","DATE","TIME","PERCENT","MONEY","QUANTITY","ORDINAL","CARDINAL"],"annotations":[["You have a child in the service and the waiting is hell .",{"entities":[]}],["It today , the first bodies , seven sailors are confirmed dead 10 presumed dead .",{"entities":[[3,8,"DATE"],[15,20,"ORDINAL"],[30,35,"CARDINAL"],[63,65,"CARDINAL"]]}],["Arrived at that very familiar stopover air base at Ramstein in Germany on their way home .",{"entities":[[51,59,"LOC"],[63,70,"GPE"]]}],["From Ramstein , the bodies will go to the Cole 's home port , Norfolk , Virginia , just as Fleet Week is beginning to celebrate the anniversary of the American Navy .",{"entities":[[5,13,"LOC"],[42,46,"LOC"],[62,69,"LOC"],[72,80,"LOC"],[91,101,"EVENT"],[151,164,"ORG"]]}],["Celebration will also be commemoration .",{"entities":[]}],["In Yemen today , where the ship was attacked , the deliberate , well - organized familiar effort to find out who did it , and how it happened .",{"entities":[[3,8,"GPE"]]}],["ABC 's Morton Dean is in Aden .",{"entities":[[7,18,"PERSON"],[25,29,"PERSON"]]}],["The damaged ship , the huge hole in its side now covered by canvas , sat in calm seas today .",{"entities":[]}],["Unseen from land was a frenzy of activity , including divers searching for bodies and searching for clues --",{"entities":[]}],["Its might rivaled the explosion that blew apart the federal office acknowledge in Oklahoma City .",{"entities":[[82,95,"LOC"]]}],["Only such a potent force , they theorize , could have ripped `` Cole 's '' steel hull , collapsed some of the war ship 's interior sections , and destroyed some of its vital communications .",{"entities":[[64,68,"PERSON"]]}],["Investigators are heading into this steamy port city to begin analyzing the theories while assembling the facts .",{"entities":[]}],["A U.S. official here praised the Yemen government , saying it was doing its part .",{"entities":[[2,6,"NORP"],[33,38,"GPE"]]}],["The Yemenis have been very cooperative in providing additional security , both in the harbour , on land and to our people .",{"entities":[[4,11,"NORP"]]}],["In recent months , there have been been anti-U.S. and anti-Israel demonstrations in Yemen , despite efforts to establish more friendly ties .",{"entities":[[40,49,"NORP"],[54,65,"NORP"],[84,89,"GPE"]]}],["One major factor in the improved relationship between the United States and Yemen involves Iraq .",{"entities":[[58,71,"GPE"],[76,81,"GPE"],[91,95,"GPE"]]}],["Yemen agreed that when the U.S. intercepted ships suspected of violating the trade embargo against Iraq , the ships could be brought into port here .",{"entities":[[0,5,"GPE"],[27,31,"GPE"],[99,103,"GPE"]]}],["The Navy said today , all of the bodies recovered so far are on their way home , and all of the injured have now been transferred elsewhere for further medical care .",{"entities":[[14,19,"DATE"]]}],["Morton Dean , ABC News , Yemen .",{"entities":[[0,11,"PERSON"],[14,22,"ORG"],[25,30,"GPE"]]}]]}