{"classes":["PERSON","NORP","FAC","ORG","GPE","LOC","PRODUCT","EVENT","WORK_OF_ART","LAW","LANGUAGE","DATE","TIME","PERCENT","MONEY","QUANTITY","ORDINAL","CARDINAL"],"annotations":[["Democratic leaders have bottled up President Bush 's capital - gains tax cut in the Senate and may be able to prevent a vote on the issue indefinitely .",{"entities":[[45,49,"PERSON"]]}],["Senate Majority Leader George Mitchell -LRB- D. , Maine -RRB- said he intends to use Senate procedures to force advocates of the tax cut to come up with at least 60 votes before they can address the issue .",{"entities":[[23,38,"PERSON"]]}],["And neither Democrats nor Republicans are predicting that the capital - gains forces can produce enough votes .",{"entities":[[12,21,"NORP"],[26,37,"NORP"]]}],["`` The 60 - vote requirement will be there and they do n't have the 60 votes , '' Sen. Mitchell said .",{"entities":[[7,9,"CARDINAL"],[68,70,"CARDINAL"],[87,95,"PERSON"]]}],["`` They do n't have the votes to get it passed . ''",{"entities":[]}],["Sen. Bob Packwood -LRB- R. , Ore. -RRB- , the leading Republican proponent of the tax cut , did n't disagree .",{"entities":[[5,17,"PERSON"],[54,64,"NORP"]]}],["`` I 'm not sure what 's going to happen , '' he said .",{"entities":[]}],["Previously he had said he would be able to find the requisite 60 votes eventually .",{"entities":[[62,64,"CARDINAL"]]}],["Sen. Packwood has offered his capital - gains - cut package as an amendment to a bill , now pending in the Senate , that would authorize aid to Poland and Hungary .",{"entities":[[5,13,"PERSON"],[144,150,"GPE"],[155,162,"GPE"]]}],["Democrats are holding up a vote on the amendment by threatening a filibuster , or extended debate .",{"entities":[[0,9,"NORP"]]}],["For a cloture vote to stop the filibuster , Republicans must muster at least 60 votes .",{"entities":[[44,55,"NORP"],[77,79,"CARDINAL"]]}],["Yesterday , Sen. Packwood acknowledged , `` We do n't have the votes for cloture today . ''",{"entities":[[0,9,"DATE"],[17,25,"PERSON"]]}],["The Republicans show no sign of relenting .",{"entities":[[4,15,"NORP"]]}],["GOP leaders continued to press for a vote on the amendment to the Eastern Europe aid measure .",{"entities":[[0,3,"NORP"],[66,80,"LOC"]]}],["And they threatened to try to amend any other revenue bill in the Senate with the capital - gains provision .",{"entities":[]}],["`` This is serious business ; we 're serious about a capital - gains reduction , '' said Kansas Sen. Robert Dole , the Senate 's Republican leader .",{"entities":[[89,95,"GPE"],[101,112,"PERSON"],[129,139,"NORP"]]}],["`` The strategy is ` Let 's vote . ' ''",{"entities":[]}],["The Republicans contend that they can garner a majority in the 100 - member Senate for a capital - gains tax cut .",{"entities":[[4,15,"NORP"],[63,66,"CARDINAL"]]}],["They accuse the Democrats of unfairly using Senate rules to erect a 60 - vote hurdle .",{"entities":[[16,25,"NORP"],[68,70,"CARDINAL"]]}],["Democrats counter that the Republicans have often used the same rules to suit their own ends .",{"entities":[[0,9,"NORP"],[27,38,"NORP"]]}],["The two sides also traded accusations about the cost of the Packwood plan .",{"entities":[[60,68,"PERSON"]]}],["Democrats asserted that the proposal , which also would create a new type of individual retirement account , was fraught with budget gimmickry that would lose billions of dollars in the long run .",{"entities":[[0,9,"NORP"],[159,178,"MONEY"]]}],["Republicans countered that long - range revenue estimates were unreliable .",{"entities":[[0,11,"NORP"]]}],["The Packwood proposal would reduce the tax depending on how long an asset was held .",{"entities":[[4,12,"PERSON"]]}],["It also would create a new IRA that would shield from taxation the appreciation on investments made for a wide variety of purposes , including retirement , medical expenses , first - home purchases and tuition .",{"entities":[]}],["A White House spokesman said President Bush is `` generally supportive '' of the Packwood plan .",{"entities":[[2,13,"FAC"],[39,43,"PERSON"],[81,89,"PERSON"]]}]]}