{"classes":["PERSON","NORP","FAC","ORG","GPE","LOC","PRODUCT","EVENT","WORK_OF_ART","LAW","LANGUAGE","DATE","TIME","PERCENT","MONEY","QUANTITY","ORDINAL","CARDINAL"],"annotations":[["I mean , this article reminds me also , doctor , of one of the articles that was mentioned with us in the program , I mean , uh , where it indicated that dividing the region after the Second World War was not successful .",{"entities":[[184,200,"EVENT"]]}],["I mean , we are witnessing today the repercussions of this division , which did not take into consideration sectarian geography , if the expression is right .",{"entities":[]}],["What is your comment ?",{"entities":[]}],["The reality is that the Sykes - Picot case , at that time , when it was set , only paid attention to the interests of the countries and the outcome , ah , uh , the balance of power among them , that is , between France in the first place and , and , and Britain or the United Kingdom .",{"entities":[[24,37,"LAW"],[212,218,"GPE"],[226,231,"ORDINAL"],[254,261,"GPE"],[269,283,"GPE"]]}],["But now , we see that there are divisions being confirmed inside the Arab countries .",{"entities":[[4,7,"TIME"],[69,73,"GPE"]]}],["In reality , they serve a -- the main , Israeli goal , which is to change the region into , ah , a mosaic of small countries based on denominational thinking , religious thinking , or sectarian thinking .",{"entities":[[40,47,"GPE"]]}],["Yes .",{"entities":[]}],["So we see that what is happening in Iraq , in reality , ah , under the eyes and sight , the sights of the United States , which is -- occupying Iraq ; we see that Iraq might actually be divided into three districts , ah these areas agree to a great extent with the idea of sectarianism and factionism existing in Iraq .",{"entities":[[36,40,"GPE"],[106,119,"GPE"],[144,148,"GPE"],[163,167,"GPE"],[313,317,"GPE"]]}],["Thank you very much .",{"entities":[]}],["And if %pw --",{"entities":[]}],["Go ahead , in brief , please .",{"entities":[]}],["Ah , no , I want to say that this tendency , there are efforts to expand it and generalize it in the region , or what is sometimes called Balkanizing the region like what happened , uh , after the collapse of the Soviet Union and the collapse of socialism in some countries of Western Europe .",{"entities":[[138,149,"NORP"],[213,225,"NORP"],[277,291,"LOC"]]}],["Yes .",{"entities":[]}],["This is clear , thank you so much , Dr. Jawad Al Anani , and sorry about the tight time .",{"entities":[[40,54,"PERSON"]]}],["Our esteemed viewers from Amman participated with us .",{"entities":[[26,31,"GPE"]]}]]}