{"classes":["PERSON","NORP","FAC","ORG","GPE","LOC","PRODUCT","EVENT","WORK_OF_ART","LAW","LANGUAGE","DATE","TIME","PERCENT","MONEY","QUANTITY","ORDINAL","CARDINAL"],"annotations":[["Ford Motor Co. 's Merkur , the company 's first new car franchise in the U.S. since the Edsel was unveiled in 1957 , now will share Edsel 's fate .",{"entities":[[0,14,"ORG"],[73,77,"GPE"],[88,93,"ORG"],[110,114,"DATE"],[132,137,"ORG"]]}],["Ford said yesterday it will halt imports of the Merkur Scorpio , a $ 28,000 luxury sedan built by Ford of Europe in West Germany .",{"entities":[[0,4,"ORG"],[10,19,"TIME"],[48,62,"PRODUCT"],[67,75,"MONEY"],[98,102,"ORG"],[106,112,"NORP"],[116,128,"LOC"]]}],["The cars are sold under a separate franchise with its own sign in front of Lincoln - Mercury dealers -- as opposed to new models such as Taurus or Escort , which are sold under existing Ford divisions .",{"entities":[[75,92,"ORG"],[137,143,"PRODUCT"],[147,153,"PRODUCT"],[186,190,"ORG"]]}],["The move to halt imports -- announced 29 years and 11 months to the day after Henry Ford II declared that the Edsel division and its gawky car would be scrapped -- kills the four - year - old Merkur brand in the U.S. market .",{"entities":[[38,77,"DATE"],[78,88,"PERSON"],[110,115,"ORG"],[174,178,"CARDINAL"],[192,198,"ORG"],[212,216,"GPE"]]}],["It will continue to be sold in the European market .",{"entities":[[35,43,"NORP"]]}],["Merkur 's death is n't nearly as costly to Ford as was the Edsel debacle , because Merkur was a relatively low - budget project with limited sales goals .",{"entities":[[0,6,"ORG"],[43,47,"ORG"],[59,64,"ORG"],[83,89,"ORG"]]}],["Still , Merkur 's demise is a setback for Ford at a time when the company 's image as the U.S. auto maker with the golden touch is showing signs of strain .",{"entities":[[8,14,"ORG"],[42,46,"ORG"],[90,94,"GPE"]]}],["The No. 2 auto maker 's new Thunderbird and Mercury Cougar models have n't met sales expectations in the year since they were introduced , and Ford 's trucks are losing ground to their GM rivals .",{"entities":[[4,9,"ORDINAL"],[28,39,"PRODUCT"],[44,58,"PRODUCT"],[143,147,"ORG"]]}],["This fall , Ford introduced only one new product : A restyled version of its hulking Lincoln Town Car luxury model .",{"entities":[[12,16,"ORG"],[85,101,"PRODUCT"]]}],["The demise of Merkur -LRB- pronounced mare - COOR -RRB- comes after a September in which 670 Merkur dealers managed to sell only 93 Scorpios .",{"entities":[[14,20,"ORG"],[62,79,"DATE"],[89,92,"CARDINAL"],[93,99,"ORG"],[129,131,"CARDINAL"],[132,140,"PRODUCT"]]}],["Total Merkur sales for the first nine months dropped 46 % from a year ago to just 6,320 cars .",{"entities":[[6,12,"ORG"],[27,32,"ORDINAL"],[33,37,"CARDINAL"],[53,57,"PERCENT"],[65,73,"DATE"],[82,87,"CARDINAL"]]}],["Merkur is n't the only European luxury brand having problems in the U.S. .",{"entities":[[0,6,"ORG"],[23,31,"NORP"],[68,72,"GPE"]]}],["The Japanese assault on the luxury market is rapidly overshadowing such European makes as Audi and Saab , which at least have clear brand images .",{"entities":[[4,12,"NORP"],[72,80,"NORP"],[90,94,"ORG"],[99,103,"ORG"]]}],["Merkur , as an import on domestic car lots , suffered from the same sort of image confusion that is hobbling sales of imports at General Motors Corp. and Chrysler Corp .",{"entities":[[0,6,"ORG"],[129,149,"ORG"],[154,167,"ORG"]]}],["Merkur was originally aimed at enticing into Lincoln - Mercury dealerships the kind of young , affluent buyers who would n't be caught dead in a Town Car -- a vehicle so bargelike that Ford is staging a press event next month linking the Town Car 's launch to the commissioning of a new aircraft carrier in Norfolk , Va .",{"entities":[[0,6,"ORG"],[45,52,"ORG"],[55,62,"ORG"],[145,153,"PRODUCT"],[185,189,"ORG"],[238,246,"PRODUCT"],[307,319,"GPE"]]}],["But the brand had trouble from the start .",{"entities":[]}],["The first Merkur , the XR4Ti , went on sale in early 1985 .",{"entities":[[10,16,"ORG"],[23,28,"PRODUCT"],[47,57,"DATE"]]}],["The sporty coupe foundered in part because American buyers did n't go for the car 's unusual double - wing rear spoiler .",{"entities":[[43,51,"NORP"]]}],["In May 1987 , Ford began importing the Scorpio sedan from West Germany to sell next to a redesigned XR4Ti in showrooms .",{"entities":[[3,11,"DATE"],[14,18,"ORG"],[39,46,"PRODUCT"],[58,70,"LOC"],[100,105,"PRODUCT"]]}],["Ford officials said they expected the two Merkurs would sell about 15,000 cars a year , and in 1988 they reached that goal , as sales hit 15,261 cars .",{"entities":[[0,4,"ORG"],[42,49,"ORG"],[67,73,"CARDINAL"],[95,99,"DATE"],[138,144,"CARDINAL"]]}],["It was downhill from there , however .",{"entities":[]}],["One major factor was the decline of the dollar against the mark , which began less than a year after Merkur 's 1985 launch .",{"entities":[[101,107,"ORG"],[111,115,"DATE"]]}],["As the West German currency rose , so did Merkur prices .",{"entities":[[7,18,"LOC"],[42,48,"ORG"]]}],["The Merkur cars also suffered from spotty quality , some dealers say .",{"entities":[[4,10,"ORG"]]}],["`` It was like a comedy of errors , '' says Martin J. `` Hoot '' McInerney , a big dealer whose Star Lincoln - Mercury - Merkur operation in Southfield , Mich. , sold more XR4Ti's than any other dealership .",{"entities":[[44,74,"PERSON"],[96,108,"ORG"],[111,118,"ORG"],[121,127,"ORG"],[141,159,"GPE"],[172,177,"PRODUCT"]]}],["But by the third quarter of 1988 , Scorpios had a high satisfaction rating in internal Ford studies , a spokesman said .",{"entities":[[11,32,"DATE"],[35,43,"PRODUCT"],[87,91,"ORG"]]}],["Apparently , however , the improvement came too late .",{"entities":[]}],["Last fall , Ford announced it would discontinue the XR4Ti in the U.S. at the end of the 1989 model year .",{"entities":[[12,16,"ORG"],[52,57,"PRODUCT"],[65,69,"GPE"],[88,92,"DATE"]]}],["Ford said then it would keep the Scorpio .",{"entities":[[0,4,"ORG"],[33,40,"PRODUCT"]]}],["This year , Scorpio sales plummeted , and at the current sales pace it would take Ford 242 days to sell off the current Scorpio inventory of about 4,600 cars .",{"entities":[[12,19,"PRODUCT"],[82,86,"ORG"],[87,90,"CARDINAL"],[120,127,"PRODUCT"],[147,152,"CARDINAL"]]}]]}