{"classes":["PERSON","NORP","FAC","ORG","GPE","LOC","PRODUCT","EVENT","WORK_OF_ART","LAW","LANGUAGE","DATE","TIME","PERCENT","MONEY","QUANTITY","ORDINAL","CARDINAL"],"annotations":[["Welcome back to VOA News now coming to you from Washington .",{"entities":[[16,24,"ORG"],[48,58,"GPE"]]}],["I am Tony Riggs .",{"entities":[[5,15,"PERSON"]]}],["Israelis and Palestinians could begin a marathon round of peace talks as early as Sunday but Israel has not yet said whether it will take part .",{"entities":[[0,8,"NORP"],[13,25,"NORP"],[82,88,"TIME"],[93,99,"GPE"]]}],["Prime Minister Ehud Barak is postponing until Saturday his government 's response to the Palestinian 's proposal for talks .",{"entities":[[15,25,"PERSON"],[46,54,"TIME"],[89,100,"NORP"]]}],["Correspondent Laurie Cassman reports from Jerusalem that Mr. Barak is under pressure to go ahead with the peace effort .",{"entities":[[14,28,"PERSON"],[42,51,"GPE"],[61,66,"PERSON"]]}],["Prime Minister Barak is to meet with his top ministers involved in the peace process on Saturday night to decide what response to give to Palestinian leader Yasser Arafat 's proposal .",{"entities":[[15,20,"PERSON"],[88,96,"TIME"],[138,149,"NORP"],[157,170,"PERSON"]]}],["The meeting was delayed a day in protest after the brutal killing of an Israeli youth in the West Bank .",{"entities":[[72,79,"NORP"],[93,102,"ORG"]]}],["The Palestinians have proposed a ten - day non-stop negotiating session to narrow differences over key issues blocking a final peace agreement .",{"entities":[[4,16,"NORP"],[33,36,"CARDINAL"]]}],["If Israel says yes , the marathon meeting will probably take place in the Egyptian Red Sea resort of Taba just across the border from Israel .",{"entities":[[3,9,"GPE"],[74,90,"FAC"],[101,105,"GPE"],[134,140,"GPE"]]}],["Israeli TV says the Palestinians already are sending an advanced team to Taba to prepare for the meeting .",{"entities":[[0,10,"ORG"],[20,32,"NORP"],[73,77,"GPE"]]}],["The talks would come in an awkward moment for Prime Minister Barak who is facing an uphill battle to keep his job .",{"entities":[[61,66,"PERSON"]]}],["The latest opinion polls show right wing Likud Party leader Ariel Sharon could easily win the February 6th election .",{"entities":[[41,52,"NORP"],[60,72,"PERSON"],[94,102,"DATE"],[103,106,"ORDINAL"]]}],["Prime Minister Barak had hoped for a peace deal to clinch victory .",{"entities":[[15,20,"PERSON"]]}],["Ariel Sharon has already said he would not honor Mr. Barak 's compromise proposals .",{"entities":[[0,12,"PERSON"],[53,58,"PERSON"]]}],["He says his negotiating position with the Palestinians would be much tougher .",{"entities":[[42,54,"NORP"]]}],["Mr. Sharon 's peace plan would retain Israeli sovereignty over Jerusalem and the Golan Heights , which Israel seized from Syria in the 1967 Arab - Israeli war .",{"entities":[[4,10,"PERSON"],[38,45,"NORP"],[63,72,"GPE"],[81,94,"LOC"],[103,109,"GPE"],[122,127,"GPE"],[135,139,"DATE"],[140,158,"EVENT"]]}],["The plan would also cut in half the amount of West Bank land Israel is to turn over to the Palestinians .",{"entities":[[46,55,"ORG"],[61,67,"GPE"],[91,103,"NORP"]]}],["Mr. Sharon talks of long term interest talks push for a single final peace settlement .",{"entities":[[4,10,"PERSON"]]}],["Laurie Cassman , VOA News , Jerusalem .",{"entities":[[0,14,"PERSON"],[17,25,"ORG"],[28,37,"GPE"]]}]]}