{"classes":["PERSON","NORP","FAC","ORG","GPE","LOC","PRODUCT","EVENT","WORK_OF_ART","LAW","LANGUAGE","DATE","TIME","PERCENT","MONEY","QUANTITY","ORDINAL","CARDINAL"],"annotations":[["Final think evening -- on this Halloween , witchcraft .",{"entities":[[31,40,"EVENT"]]}],["At least 500,000 Americans now describe themselves as witches , in that they practice witchcraft in one part of the country or another .",{"entities":[[9,16,"CARDINAL"],[17,26,"NORP"]]}],["Many find what witches do inoffensive , but not so in part of Louisiana .",{"entities":[[62,71,"GPE"]]}],["Peggy Wehmeyer reports on what is acceptable in New Orleans is anything but not far away .",{"entities":[[0,14,"PERSON"],[48,59,"GPE"]]}],["When it comes to spirituality , New Orleans is a city of contrasts .",{"entities":[[32,43,"GPE"]]}],["Attend Mass on Sunday morning , visit fortune tellers and voodoo queens by noon .",{"entities":[[15,29,"TIME"]]}],["But practices that go mostly unnoticed in New Orleans are causing a stir because 70 miles down the road in a conservative bayou town , a home to more than 100 churches and a coven of witches .",{"entities":[[42,53,"GPE"],[81,83,"CARDINAL"],[155,158,"CARDINAL"]]}],["The main belief in witchcraft is harm none .",{"entities":[]}],["Not everyone in town thinks these witches are harmless .",{"entities":[]}],["Many fear they are introducing dangerous spirits into the community .",{"entities":[]}],["The church is gainst everything we stand for as a Christian nation .",{"entities":[[50,59,"NORP"]]}],["We want to stand up and say not in our community .",{"entities":[]}],["We want to say absolutely not .",{"entities":[]}],["In an effort to end witchcraft , a resident filed a complaint against the witches using an old law that forbids fortune - telling .",{"entities":[]}],["The witches believe that through these rituals and the reeged of Tarot cards , their gods and goddesses will direct their futures .",{"entities":[]}],["Local officials sent a detective to the coven to photograph the evidence .",{"entities":[]}],["All of a sudden , we get a knock on the door .",{"entities":[]}],["He says , I 'm going to turn these pictures in to my superiors and they 're going to determine if it is fortune - telling .",{"entities":[]}],["If it is , I 'll arrest you .",{"entities":[]}],["The ACLU is trying to abolish that threat .",{"entities":[[4,8,"ORG"]]}],["The group is now suing Louisiana on behalf of the witches to abolish the 1928 law it considers unconstitutional .",{"entities":[[23,32,"GPE"],[73,81,"LAW"]]}],["We do n't protect the wicked free speech right , then the Baptists and Catholics ' free speech right is at risk .",{"entities":[[58,66,"NORP"],[71,80,"NORP"]]}],["They say they do n't have a case against the witches but they fear the witch - hunt will continue until the fortune - telling law is off the book for good .",{"entities":[]}],["Peggy Wehmeyer , Louisiana .",{"entities":[[0,14,"PERSON"],[17,26,"GPE"]]}]]}