{"classes":["PERSON","NORP","FAC","ORG","GPE","LOC","PRODUCT","EVENT","WORK_OF_ART","LAW","LANGUAGE","DATE","TIME","PERCENT","MONEY","QUANTITY","ORDINAL","CARDINAL"],"annotations":[["Peruvian President Alberto Fujimori has issued an order confining all military and police to their barracks .",{"entities":[[0,8,"NORP"],[19,35,"PERSON"]]}],["The President is locked in a power struggle with former intelligence service chief Vladimiro Monticenos .",{"entities":[[83,103,"PERSON"]]}],["Mr. Fujimori told reporters late Wednesday , he ordered a complete freeze on movements by the Armed Forces .",{"entities":[[4,12,"PERSON"],[28,42,"TIME"]]}],["President Fujimori has been leading a purge of the military of those loyal to Mr. Monticenos , the former spy master , whose surprise return to Peru on Monday triggered speculation of a possible coup .",{"entities":[[10,18,"PERSON"],[82,92,"PERSON"],[144,148,"GPE"],[152,158,"TIME"]]}]]}