{"classes":["PERSON","NORP","FAC","ORG","GPE","LOC","PRODUCT","EVENT","WORK_OF_ART","LAW","LANGUAGE","DATE","TIME","PERCENT","MONEY","QUANTITY","ORDINAL","CARDINAL"],"annotations":[["Xinhua News Agency , Auckland -LRB- New Zealand -RRB- , April 23rd , by reporter Jinjun Chen",{"entities":[[0,18,"ORG"],[36,47,"GPE"],[56,66,"DATE"],[81,92,"PERSON"]]}],["China 's People 's Congress delegation led by vice-chief committee member Jiyun Tian ended a 6 - day visit to New Zealand , and left here this evening for the capitol of West Samoa , Apia .",{"entities":[[0,5,"GPE"],[74,84,"PERSON"],[93,94,"CARDINAL"],[110,121,"GPE"],[170,187,"GPE"]]}],["While in New Zealand , Jiyun Tian met respectively with the speaker of New Zealand 's Parliament , Prime Minister Bolger and other senior government officials .",{"entities":[[9,20,"GPE"],[23,33,"PERSON"],[71,82,"GPE"],[114,120,"GPE"]]}],["He also made broad contacts with friends from New Zealand industries and business circles , Chinese and overseas Chinese .",{"entities":[[46,57,"GPE"],[92,99,"NORP"],[113,120,"NORP"]]}],["Both parties expressed the desire to further strengthen co-operation in economic areas .",{"entities":[]}],["Other than West Samoa , the delegation from China 's People 's Congress will also visit Papua New Guinea and Australia .",{"entities":[[11,21,"GPE"],[44,49,"GPE"],[88,104,"GPE"],[109,118,"GPE"]]}],["-LRB- End -RRB-",{"entities":[]}]]}