{"classes":["PERSON","NORP","FAC","ORG","GPE","LOC","PRODUCT","EVENT","WORK_OF_ART","LAW","LANGUAGE","DATE","TIME","PERCENT","MONEY","QUANTITY","ORDINAL","CARDINAL"],"annotations":[["New Rules for Tech Startups",{"entities":[]}],["-LRB- Cyril Chiang / graphics by Tsai Chih - pen / tr. by Jonathan Barnard -RRB-",{"entities":[[6,18,"PERSON"],[33,42,"PERSON"],[58,74,"PERSON"]]}],["In the past few years the Internet has helped to create a \" new economy \" that has both created technological fortunes and rewritten the postulates of traditional economic development .",{"entities":[[7,21,"DATE"]]}],["Microsoft 's Bill Gates did n't make his money out of land or gold or oil , and he did n't make it from machines or factory goods .",{"entities":[[0,9,"ORG"],[13,23,"PERSON"]]}],["Rather , what he had at his disposal was a method of organizing knowledge .",{"entities":[]}],["Precisely because entrepreneurs no longer need land or financial assets , the bar has never been lower for what is needed to build a successful company .",{"entities":[]}],["Yet it 's worth noting that the rate of success has also never been lower .",{"entities":[]}],["If you want to get investors to open their wallets in this new economic age , then you 've got to have a handle on some key points .",{"entities":[]}],["If investors ' eyes have n't brightened in three minutes , it 's all over .",{"entities":[[43,48,"CARDINAL"]]}],["Those hoping to build up a new company have got to know how to capture investors ' attention in the shortest possible time .",{"entities":[]}],["What is the right thing to say ?",{"entities":[]}],["How should you say it ?",{"entities":[]}],["The following 13 questions are what investors are most concerned about .",{"entities":[[14,16,"CARDINAL"]]}],["If you can focus on these 13 points of business startup logic and then add your own creative vision and arguments , then you 've probably taken your first step to success !",{"entities":[[26,28,"CARDINAL"]]}],["Question # 1 : How do you define your business ?",{"entities":[[11,12,"CARDINAL"]]}],["Successfully defining a business is a process of elimination .",{"entities":[]}],["In the late 1980s , Intel realized that it could no longer compete with Japanese semiconductor companies in the production of memory chips , so it left that market , believing that it would only be able to break free from Japanese competition by focusing on its specialty of microprocessors .",{"entities":[[12,17,"DATE"],[20,25,"ORG"],[72,80,"NORP"],[222,230,"NORP"]]}],["It is now a larger company many times over .",{"entities":[]}],["This is a story of how \" loss \" can turn into \" gain . \"",{"entities":[]}],["\" Elimination \" suggests paring down .",{"entities":[]}],["The more clearly a company is defined , the more limited will be its operational scope .",{"entities":[]}],["But just about any successful company has a clear sense of its limitations , because otherwise it would n't be able to differentiate itself in the marketplace and reduce its vulnerablility to price wars .",{"entities":[]}],["Consequently , it is essential to pay attention to the following points :",{"entities":[]}],["1. No matter how complex your company , it must have a basic conception that is clear and easy to understand .",{"entities":[[0,2,"CARDINAL"]]}],["2. The company 's definition is a reflection of its operational strategies .",{"entities":[[0,2,"CARDINAL"]]}],["3. An unclear company definition represents unclear operational strategies .",{"entities":[[0,2,"CARDINAL"]]}],["4. You 've got to clearly define your role based on the value of your products and services and get the consumer to understand what makes you better .",{"entities":[[0,2,"CARDINAL"]]}],["5. Differentiation is good and works to your advantage .",{"entities":[[0,2,"CARDINAL"]]}],["Question 2 : What is your executive summary ?",{"entities":[[9,10,"CARDINAL"]]}],["An executive summary serves as a preface to an investment or business plan .",{"entities":[]}],["It needs to faithfully reflect the special qualities and values of the entire plan in as few words as possible .",{"entities":[]}],["As far as investors are concerned , a clear , easy - to - read two - page summary is much better than a tedious 200 - page plan .",{"entities":[[63,66,"CARDINAL"],[112,115,"CARDINAL"]]}],["Steve Jurvetson , managing director of the Silicon Valley venture capital firm Draper , Fisher , and Jurvetson , says : \" An executive summary is n't a financial contract ; it 's a story .",{"entities":[[0,15,"PERSON"],[43,57,"LOC"],[79,85,"ORG"],[88,94,"ORG"],[101,110,"ORG"]]}],["A story has to have drama and flesh - and - blood people .",{"entities":[]}],["For an executive summary , I 've never used Excel , and I 've never talked about models for the financial structure .",{"entities":[[44,49,"PRODUCT"]]}],["I always spend my time thinking about how big a story it could become . \"",{"entities":[]}],["Therefore , you 've got to pay attention to the following :",{"entities":[]}],["1. The executive summary is the one chance you have to get investors interested in investing in your company .",{"entities":[[0,2,"CARDINAL"]]}],["2. Focus on selling your plan .",{"entities":[[0,2,"CARDINAL"]]}],["3. Get right to the point .",{"entities":[[0,2,"CARDINAL"]]}],["Do n't think of it as a literary competition .",{"entities":[]}],["4. In an orderly fashion , describe \" the market , the management team , the finances and the technology . \"",{"entities":[[0,2,"CARDINAL"]]}],["Question # 3 : What 's the justification for this business ?",{"entities":[[11,12,"CARDINAL"]]}],["The Japanese management guru Matsushita Konosuke has said , \" Do n't sell customers things they find attractive , sell them things they find useful . \"",{"entities":[[4,12,"NORP"],[29,48,"PERSON"]]}],["Investors have a lot of different cards they can play , so they 've got to know why your business plan is worth pursuing .",{"entities":[]}],["Why now ?",{"entities":[]}],["Why you ?",{"entities":[]}],["Consequently , you must consider the following points :",{"entities":[]}],["1. Why should this be done ?",{"entities":[[0,2,"CARDINAL"]]}],["Why should you do it ?",{"entities":[]}],["Why now ?",{"entities":[]}],["2. The dollar sign -LRB- $ -RRB- is capitalism 's lingua franca .",{"entities":[]}],["3. The market will decide whether your plan is justifiable .",{"entities":[[0,2,"CARDINAL"]]}],["Question # 4 : How much risk are you willing to take on ?",{"entities":[[11,12,"CARDINAL"]]}],["Are you willing to risk failure ?",{"entities":[]}],["When you try to get people to invest in a new venture , there will invariably be one question that each and every one of those potential investors will have in mind :",{"entities":[]}],["\" You want to put my money at risk , but what kind of risk are you taking ? \"",{"entities":[]}],["Investors hope that the entrepreneur is taking equal risk , because only with commensurate risk will the two sides cooperate unselfishly .",{"entities":[]}],["Therefore , the entrepreneur must be very clear about the risk and the possibility of losing the investment .",{"entities":[]}],["What follows are the values of a Silicon Valley new - age knowledge - based business creator :",{"entities":[[33,47,"LOC"]]}],["1. A failure is like the South in the American Civil War .",{"entities":[[0,2,"CARDINAL"],[25,30,"LOC"],[38,56,"EVENT"]]}],["It 's history ; move on .",{"entities":[]}],["2. Those who have experience beat those who lack experience , and failure counts as experience .",{"entities":[[0,2,"CARDINAL"]]}],["3. Your past failure is your MBA from the school of hard knocks .",{"entities":[[0,2,"CARDINAL"]]}],["4. Failure is not rare or unusual .",{"entities":[[0,2,"CARDINAL"]]}],["You will only be successful by continuing to try .",{"entities":[]}],["You 've got to be careful about the following :",{"entities":[]}],["1. The investor and entrepreneur have to be taking similar risks if they are to cooperate selflessly .",{"entities":[[0,2,"CARDINAL"]]}],["2. Have you already put in time and money ?",{"entities":[[0,2,"CARDINAL"]]}],["3. Are you willing to forgo the security of a stable job and income ?",{"entities":[[0,2,"CARDINAL"]]}],["4. You can not pack a parachute and be thinking of a safe way to bail .",{"entities":[[0,2,"CARDINAL"]]}],["5. Having failed previously with startups does not mean a person is a loser .",{"entities":[[0,2,"CARDINAL"]]}],["Question # 5 : What are your company goals and business model ?",{"entities":[[11,12,"CARDINAL"]]}],["Morris Chang , chairman of Taiwan Semiconductor , believes that a company 's core staff ought to be on the same page .",{"entities":[[0,12,"PERSON"],[27,47,"ORG"]]}],["They should share the same vision for the company and fit into its corporate culture .",{"entities":[]}],["The company goals should n't be pie - in - the - sky dreams .",{"entities":[]}],["Since the company has got to crystallize the investors ' and staff 's talents and energies , its vision for the future has to be attainable .",{"entities":[]}],["Apart from having a vision for the future , a company also needs a business model .",{"entities":[]}],["The business model is the way that the company plans to attain its goals .",{"entities":[]}],["A good business model can even realize visions of the future that seem impossible .",{"entities":[]}],["Priceline.com , the first American company to sell airline tickets directly over the Internet , surpassed the combined market capitalization of the three largest US airlines -LRB- United , American and Delta -RRB- after only two years of operations .",{"entities":[[0,13,"ORG"],[26,34,"NORP"],[162,164,"NORP"],[180,186,"ORG"],[189,197,"ORG"],[202,207,"ORG"],[214,234,"DATE"]]}],["The three airlines have a total of 1,400 jets , whereas Priceline only has computers and network servers .",{"entities":[[4,9,"CARDINAL"],[35,40,"CARDINAL"],[56,65,"ORG"]]}],["The key to its success was its business plan .",{"entities":[]}],["Therefore , you have to consider the following :",{"entities":[]}],["1. How do you outline where the company will be in three to five years ?",{"entities":[[0,2,"CARDINAL"],[51,70,"DATE"]]}],["This is the company 's vision .",{"entities":[]}],["2. How do you realize the company 's vision ?",{"entities":[[0,2,"CARDINAL"]]}],["This is the business model .",{"entities":[]}],["3. The company 's vision is built on faith , and it requires the possibility of realization .",{"entities":[[0,2,"CARDINAL"]]}],["4. Once the company 's vision is defined , one should n't change it lightly .",{"entities":[[0,2,"CARDINAL"]]}],["The business model on the other hand can be constantly adapted in accordance with circumstances .",{"entities":[]}],["Question # 6 : How do you present your technology and service ?",{"entities":[[11,12,"CARDINAL"]]}],["Introducing the company 's technology to investors is something that the company founder should be very familiar with , but it is also is the source of conflicting feelings .",{"entities":[]}],["How should a founder of a start - up go about explaining its technology so that investors can understand it without getting so detailed as to reveal company secrets ?",{"entities":[]}],["Here are some recommendations :",{"entities":[]}],["1. You have to be able both to describe your innovation and protect your own intellectual property .",{"entities":[[0,2,"CARDINAL"]]}],["2. Do n't request a non-disclosure agreement , because this is unprofessional .",{"entities":[[0,2,"CARDINAL"]]}],["3. Investors are not intent on stealing your ideas .",{"entities":[[0,2,"CARDINAL"]]}],["Instead they want to see that you can justify them .",{"entities":[]}],["Question # 7 : What sort of problems do you want to solve ?",{"entities":[[11,12,"CARDINAL"]]}],["What problems is your company plan trying to solve ?",{"entities":[]}],["If you ca n't answer this clearly , then maybe you should be worrying about your future .",{"entities":[]}],["Taiwanese entrepreneurs are facing the problem of having an incomplete chain of value , which is a result of their customers handling the activities with the greatest added value .",{"entities":[[0,9,"NORP"]]}],["This is a result of the problem , not its cause !",{"entities":[]}],["The real problem is that entrepreneurs in Taiwan do not make clear enough definitions when trying to resolve a problem , or they narrowly look at \" manufacturing \" as a way of solving the problem .",{"entities":[[42,48,"GPE"]]}],["Raising one 's ability to innovate means raising one 's ability to solve problems .",{"entities":[]}],["This leads us to the following conclusions :",{"entities":[]}],["1. Finding a solution is finding a profitable market base .",{"entities":[[0,2,"CARDINAL"]]}],["2. You can only solve the problem by finding the problem .",{"entities":[[0,2,"CARDINAL"]]}],["3. Put your energies into solving today 's problems .",{"entities":[[0,2,"CARDINAL"]]}],["4. The problems created by your actions should not exceed the problems solved .",{"entities":[[0,2,"CARDINAL"]]}],["Question # 8 : Is the team complete ?",{"entities":[[11,12,"CARDINAL"]]}],["Who is missing ?",{"entities":[]}],["Founders of startups will always build their own management team , and they almost always start with people around them and then move on to attract personnel from outside .",{"entities":[]}],["This creates a blind spot in the structure , with like - minded people grouped together .",{"entities":[]}],["Investors like to hear entrepreneurs say that their teams are incomplete , because it shows that they have a practical mentality , and that they are aware of and willing to face their own shortcomings .",{"entities":[]}],["Good investors ought to maintain a mutually supportive relationship with the management team , but the investors are certainly not just the management team 's rubber stamp .",{"entities":[]}],["As a start - up founder , you ought to clearly understand that you are providing your knowledge and youth and the investors are providing their money .",{"entities":[]}],["The investors have no reason to want to handicap the entrepreneur .",{"entities":[]}],["In other words , there should be a supportive relationship between the investors and the management team , rather than an obstructive one .",{"entities":[]}],["We urge those who are creating a startup to understand where you come up short and be willing to ask for help .",{"entities":[]}],["Question # 9 : Where are your customers ?",{"entities":[[11,12,"CARDINAL"]]}],["How do you get hold of them ?",{"entities":[]}],["To answer this question , you 've got to focus on your \" market segment . \"",{"entities":[]}],["Secondly , you should analyze why customers in your market segment would like to do business with you .",{"entities":[]}],["You 've also got to consider how to prevent competitors from taking customers within the same market segment or how to effectively create entry barriers , so that you will be able to maintain a competitive advantage for as long as possible .",{"entities":[]}],["A price war is the simplest strategy , but consequently its effects are the most limited .",{"entities":[]}],["You should instead consider how to avoid the slippery slope of price wars .",{"entities":[]}],["What 's more , if you find that major changes in your sector are usually coming from other people 's customers , you should realize that they probably are n't your customers because they do n't need your products or can get something better .",{"entities":[]}],["To figure out why , you 've got to remind yourself to do the following :",{"entities":[]}],["1. Focus your attention on the market segment .",{"entities":[[0,2,"CARDINAL"]]}],["2. A good product or service will actively create a market segment and find customers that did n't previously exist .",{"entities":[[0,2,"CARDINAL"]]}],["3. Of course , any customer of yours sees some value in you .",{"entities":[[0,2,"CARDINAL"]]}],["How they value you determines their expectations of you .",{"entities":[]}],["4. Do n't forget about \" non-customers . \"",{"entities":[[0,2,"CARDINAL"]]}],["Do n't fall into the trap of thinking that you understand everything about the industry .",{"entities":[]}],["Question # 10 : Where are your competitors ?",{"entities":[[11,13,"CARDINAL"]]}],["Please do n't say that you have no competitors .",{"entities":[]}],["Perhaps you have no competitors today , but you will have them tomorrow .",{"entities":[]}],["And if you really do n't have weighty competitors , then your competitor is yourself .",{"entities":[]}],["Entry barriers and exit barriers have opposite effects .",{"entities":[]}],["The former determines if there will be a swarm of competitors .",{"entities":[]}],["-LRB- If entry barriers are low , anyone can compete . -RRB-",{"entities":[]}],["The latter determines whether there will be detrimental competition .",{"entities":[]}],["-LRB- If exit barriers are high , competitors will fight to the last penny . -RRB-",{"entities":[]}],["If you want to maintain core compet - itiveness , the first thing you 've got to do is to eliminate business that does not relate to your core competencies .",{"entities":[]}],["Furthermore , you should put the emphasis on innovation and strategic management .",{"entities":[]}],["Please remember :",{"entities":[]}],["1. When you analyze entry barriers , you should also analyze exit barriers .",{"entities":[[0,2,"CARDINAL"]]}],["2. You should focus on your \" core competencies . \"",{"entities":[[0,2,"CARDINAL"]]}],["3. You should use core personnel , develop core technology and attain core goals .",{"entities":[[0,2,"CARDINAL"]]}],["Question # 11 : What is your market share ?",{"entities":[[11,13,"CARDINAL"]]}],["In America telephones reached 90 % of households in 50 years , whereas it only took video recorders 18 years to do the same .",{"entities":[[30,34,"PERCENT"],[52,60,"DATE"],[100,108,"DATE"]]}],["Today , new technological products and services are unlikely even to be around that long .",{"entities":[[0,5,"TIME"]]}],["If technological entrepreneurs do not move forward , they fall behind .",{"entities":[]}],["Developing the company -LRB- and extremely fast at that -RRB- is a road that must be taken , and market share is an indication of the speed of the company 's development .",{"entities":[]}],["The \" killer \" strategy must combine \" quickly changing the rules of the game \" with management thinking that is characterized by a \" willingness to take risks , \" \" unconventionality , \" and \" a determination to become the standard . \"",{"entities":[]}],["Your determination as the founder of the company is all - important .",{"entities":[]}],["You 've got to pay attention to the following :",{"entities":[]}],["1. How should your company prepare to develop quickly ?",{"entities":[[0,2,"CARDINAL"]]}],["2. Not only must you advance technologically if you are not to fall behind , but you must also develop quickly .",{"entities":[[0,2,"CARDINAL"]]}],["3. There is a fine line between ambition and wishful thinking .",{"entities":[[0,2,"CARDINAL"]]}],["4. The underlying logic is more important than the results .",{"entities":[[0,2,"CARDINAL"]]}],["Question # 12 : When will you break even ?",{"entities":[[11,13,"CARDINAL"]]}],["How do you read financial clues ?",{"entities":[]}],["How do you transform your company ?",{"entities":[]}],["In the Internet economy , companies that are not among the leaders are going to have a rough go of it .",{"entities":[]}],["Therefore , merging -LRB- or being acquired -RRB- at the right price is more important than staying in business forever .",{"entities":[]}],["In order to prepare for a merger at any moment , financial officers must get used to the idea that \" the company itself is its our biggest product . \"",{"entities":[]}],["In the past , financial officers focused on cost management , cash flow , capital movement and risk avoidance .",{"entities":[]}],["From now on , looking at these wo n't be enough , and financial officers ought to turn their attention to mergers and raising capital .",{"entities":[]}],["If you want to raise capital , you 've got to explain how it is going to be used .",{"entities":[]}],["If you are going to pursue acquisitions , you have to evaluate assets .",{"entities":[]}],["Traditionally you raised capital in order to expand the scope of your business .",{"entities":[]}],["Internet companies , on the other hand , raise capital to increase the value of the company before acquiring or being acquired .",{"entities":[]}],["Value in the Internet economy is determined by the business model .",{"entities":[]}],["It is very possible that the a company will lack tangible assets upon which to evaluate worth .",{"entities":[]}],["As a result , \" reading the value of the business plan \" has to take the place of the traditional work of checking the books .",{"entities":[]}],["The value of the business model is in looking toward the future , not the present , and as a result most mergers take the form of stock swaps so as to preserve cash reserves .",{"entities":[]}],["In order to obtain the best rate of exchange , it is important to be traded on the market as soon as possible .",{"entities":[]}],["With this lack of clarity , \" breaking even \" becomes the ultimate financial indicator .",{"entities":[]}],["This series of changes has had a huge impact on financial officers .",{"entities":[]}],["The founder of a startup must :",{"entities":[]}],["1. Pay attention to cash and cash flow .",{"entities":[[0,2,"CARDINAL"]]}],["2. Forget about staying in business forever .",{"entities":[[0,2,"CARDINAL"]]}],["Be prepared at all times to sell the company for the highest profit .",{"entities":[]}],["Question # 13 : How should a startup entrepreneur handle communications and the media ?",{"entities":[[11,13,"CARDINAL"]]}],["Communication and media skills are certainly no less important than technology for a startup company .",{"entities":[]}],["The professional managers of listed companies frequently come face to face with non-professionals .",{"entities":[]}],["Speaking to the media is just one example .",{"entities":[]}],["With regard to communication and the media , the main things to do are to simplify and speak in language that your listeners will understand .",{"entities":[]}],["Excellent communicators first of all know how to \" listen , \" and secondly can think logically and learn quickly .",{"entities":[]}],["You 've got to take an open and objective attitude in order to understand the background of a question , and then respond by focusing on the questioner 's needs .",{"entities":[]}],["You must never force others to dance at your expert pace .",{"entities":[]}],["Do n't overestimate your listeners ' specialized knowledge , but do n't underestimate their general intelligence .",{"entities":[]}],["From the very beginning , founders of startups have got to get into the habit of :",{"entities":[]}],["1. Cultivating explanation skills , so that you can explain specialized knowledge to non-specialists and they can get the gist .",{"entities":[[0,2,"CARDINAL"]]}],["2. Practicing how best to communicate .",{"entities":[[0,2,"CARDINAL"]]}],["Citing a good example is usually the best way to explain something .",{"entities":[]}],["Guy Kawasaki , founder of Garage.com , the largest US company focusing on attracting venture capital for startups , has long been famous in Silicon Valley for his entrepreneurial enthusiasm .",{"entities":[[4,12,"PERSON"],[26,36,"ORG"],[51,53,"NORP"],[140,154,"LOC"]]}],["In a speech he delivered in the US in May he outlined the main points in his vision of new - age entre - preneurialism :",{"entities":[[32,34,"NORP"],[38,41,"DATE"]]}],["In the 19th century , companies in the ice business would send people to frozen lakes or rivers to saw up the ice .",{"entities":[[7,19,"DATE"]]}],["These companies were replaced by ice making factories .",{"entities":[]}],["Then refrigerators replaced ice factories .",{"entities":[]}],["If these businessmen had embraced change instead of resisting it , they would have had an opportunity to move into a new technological field - rather than just watching helplessly as others took over what was once their domain .",{"entities":[]}],["Change is the only constant on the way to success !",{"entities":[]}]]}