{"classes":["PERSON","NORP","FAC","ORG","GPE","LOC","PRODUCT","EVENT","WORK_OF_ART","LAW","LANGUAGE","DATE","TIME","PERCENT","MONEY","QUANTITY","ORDINAL","CARDINAL"],"annotations":[["The United States is requesting more co-operation from Yemen in the investigation of the terrorist attack on the USS Cole that killed 17 US sailors .",{"entities":[[4,17,"GPE"],[55,60,"GPE"],[113,121,"EVENT"],[134,136,"CARDINAL"],[137,139,"NORP"]]}],["US State Department spokesman Richard Boucher said the US wants complete access to the findings of Yemeni investigators .",{"entities":[[0,19,"ORG"],[30,45,"PERSON"],[55,57,"GPE"],[99,105,"NORP"]]}],["In addition , President Clinton has written to Yemeni President Ali Abdullah Saleh requesting increased co-operation into the investigation of last month 's attack .",{"entities":[[24,31,"PERSON"],[47,53,"NORP"],[64,82,"PERSON"],[143,153,"DATE"]]}]]}