{"classes":["PERSON","NORP","FAC","ORG","GPE","LOC","PRODUCT","EVENT","WORK_OF_ART","LAW","LANGUAGE","DATE","TIME","PERCENT","MONEY","QUANTITY","ORDINAL","CARDINAL"],"annotations":[["Chinese New Year in the Southern Hemisphere",{"entities":[[0,16,"EVENT"],[24,43,"LOC"]]}],["-LRB- by Lin Ying - hua , Auckland , New Zealand / tr. by Christopher MacDonald -RRB-",{"entities":[[9,23,"PERSON"],[26,34,"GPE"],[37,48,"GPE"],[58,79,"PERSON"]]}],["It was the middle of summer in New Zealand , and the time for celebrating Chinese New Year .",{"entities":[[31,42,"GPE"],[74,90,"EVENT"]]}],["There are plenty of Asian immigrants on the east side of Auckland , and if New Zealanders can have Christmas on a sweltering hot day , then why should n't we Asians do something to mark our traditional New Year ?",{"entities":[[20,25,"NORP"],[57,65,"GPE"],[75,89,"NORP"],[99,108,"DATE"],[158,164,"NORP"],[202,210,"DATE"]]}],["Thus it was that the United Asian Association -LRB- UAA -RRB- and the Hua - Hsia Association - a Taiwanese organization - organized the \" Celebrating Oriental New Year \" event .",{"entities":[[21,45,"ORG"],[70,92,"ORG"],[97,106,"NORP"],[150,167,"EVENT"]]}],["To our surprise , over 10,000 visitors came for the performances , along with a number of leading politicians including Prime Minister Jenny Shipley and the mayor of Manukua .",{"entities":[[23,29,"CARDINAL"],[135,148,"PERSON"],[166,173,"GPE"]]}],["The event took place outdoors in Howick Domain and lasted over five hours .",{"entities":[[33,46,"LOC"],[63,67,"CARDINAL"]]}],["In addition to the Hua - Hsia Association , groups representing Korea , the Philippines , Malaysia and other Asian countries participated .",{"entities":[[19,41,"ORG"],[64,69,"GPE"],[76,87,"GPE"],[90,98,"GPE"],[109,114,"NORP"]]}],["The stage was meticulously decorated , with Chinese lanterns hanging from the canopy and a scarlet imperial robe draped against the black backdrop , creating a very Chinese atmosphere .",{"entities":[[44,51,"NORP"],[165,172,"NORP"]]}],["There were folk dances performed in traditional Chinese costume , and towards the end , a spectacular dragon dance given by members of the Hua - Hsia Association .",{"entities":[[48,55,"NORP"],[139,161,"ORG"]]}],["The sound of gongs and drums filled the air , along with clapping and gasps of admiration from the audience .",{"entities":[]}],["Not many knew how much hard work had gone on behind the scenes for this successful cultural event .",{"entities":[]}],["Support from the then - representative of the Taipei Economic and Cultural Office in New Zealand , R.C. Shih , was an important element in the event 's success .",{"entities":[[46,61,"ORG"],[66,81,"ORG"],[85,96,"GPE"]]}],["The chairman of the UAA , Sharon Stewart , is a New Zealander who is very fond of Asian culture .",{"entities":[[20,23,"ORG"],[26,40,"PERSON"],[48,61,"NORP"],[82,87,"NORP"]]}],["She holds regular seminars for new immigrants , and was recently awarded the Queen 's Service Medal in recognition of her dedication .",{"entities":[[77,99,"LAW"]]}],["The UAA holds a \" Celebrating Oriental New Year \" event at this time every year as a way of encouraging cultural interchange , but every year it is a struggle to find co-sponsors willing to provide funding .",{"entities":[[4,7,"ORG"],[30,47,"EVENT"]]}],["On this occasion , R.C. Shih 's support led to the event being jointly presented by the Hua - Hsia Association and the UAA .",{"entities":[[88,110,"ORG"],[119,122,"ORG"]]}],["With the Hua - Hsia Association 's committed support there were more than 30 snack booths present , giving the event the lively feel of a Chinese temple celebration .",{"entities":[[9,31,"ORG"],[74,76,"CARDINAL"],[138,145,"NORP"]]}],["The foreigners [ non-ethnic Chinese ] present were amazed in particular by the mass dragon dance that members of the Association performed .",{"entities":[[28,35,"NORP"]]}],["A few years ago , when New Zealand was newly opened up to immigration and there were n't many Chinese around , hardly anyone had heard of the Hua - Hsia Association , and inviting government officials to attend such events was always fraught with difficulty .",{"entities":[[2,15,"DATE"],[23,34,"GPE"],[94,101,"NORP"],[142,164,"ORG"]]}],["As more and more Asian immigrants arrived , members of Parliament - vying for votes - began participating enthusiastically in the Association 's events .",{"entities":[[17,22,"NORP"]]}],["The fact that the Association has supported charitable causes in New Zealand for many years , donating time and money , has been especially important in terms of getting taken seriously by the government , and it is thanks to the efforts of immigrants from Taiwan that successes like the New Year celebration have become possible .",{"entities":[[65,76,"GPE"],[257,263,"GPE"],[288,296,"EVENT"]]}],["For our family , it was our tenth year in New Zealand since arriving as immigrants .",{"entities":[[42,53,"GPE"]]}],["Our daughter had just turned ten and our son was starting primary school when we came here .",{"entities":[]}],["During the tough years as new immigrants we overcame numerous difficulties of language and culture , working to establish ourselves in this foreign land .",{"entities":[]}],["We wanted our children to quickly adapt to the Western world but without forgetting their Chinese roots , so we endlessly reminded them that we will always be \" descendants of the Yellow Emperor , \" and urged them to merge into Western society with the characteristic tenacity and humanity of Chinese people .",{"entities":[[47,54,"NORP"],[90,97,"NORP"],[180,194,"PERSON"],[228,235,"NORP"],[293,300,"NORP"]]}],["When the UAA was first set up in 1995 , Sharon came to our house in need of assistance from the Chinese community , filled with enthusiasm but uncertain about how to make contact with the Chinese .",{"entities":[[9,12,"ORG"],[33,37,"DATE"],[40,46,"PERSON"],[96,103,"NORP"],[188,195,"NORP"]]}],["Our daughter has been Sharon 's pal ever since , and it was she who suggested that Sharon see R.C. Shih about a co-sponsor for this year 's New Year celebration .",{"entities":[[22,28,"PERSON"],[83,89,"PERSON"],[94,103,"ORG"],[140,148,"EVENT"]]}],["Several weeks before the event Sharon asked me if I wanted to design a special garland to welcome the prime minister .",{"entities":[[0,20,"DATE"],[31,37,"PERSON"]]}],["As a Howick resident and a floral designer , how could I refuse ?",{"entities":[]}],["I used scarlet silk cord and miniature embroidered Chinese slippers -LRB- as used in Chinese knotting -RRB- along with dried flowers , to make a red and gold garland .",{"entities":[[51,58,"NORP"],[85,92,"NORP"]]}],["As I put it on the premier I explained that these were lucky colors used for Chinese New Year .",{"entities":[[77,93,"EVENT"]]}],["She was delighted with this beautiful souvenir , rich in Chinese culture and art , and said she would keep it forever .",{"entities":[[57,64,"NORP"]]}],["With the steady introduction of Chinese culture into this country , New Zealanders are generally more aware of Taiwan than before , and immigrants from Taiwan have been working hard to soften the anti-Asian sentiments of the locals .",{"entities":[[32,39,"NORP"],[68,82,"NORP"],[111,117,"GPE"],[152,158,"GPE"]]}],["When the program of New Year performances wrapped up , many New Zealand friends came forward to express their thanks , saying that they now felt more familiar with China and were eagerly looking forward to next year 's \" Howick in the Park \" !",{"entities":[[20,28,"EVENT"],[60,71,"NORP"],[164,169,"GPE"]]}],["p. 43",{"entities":[]}],["The high point of the event came when the prime minister addressed the audience , standing before an imperial Chinese robe .",{"entities":[[110,117,"NORP"]]}]]}