{"classes":["PERSON","NORP","FAC","ORG","GPE","LOC","PRODUCT","EVENT","WORK_OF_ART","LAW","LANGUAGE","DATE","TIME","PERCENT","MONEY","QUANTITY","ORDINAL","CARDINAL"],"annotations":[["And yet another familiar face will grace `` the West Wing '' in the incoming Bush administration -- Mary Matalin , a former senior campaign aide to President - elect Bush 's father .",{"entities":[[44,57,"WORK_OF_ART"],[77,81,"PERSON"],[100,112,"PERSON"],[148,157,"NORP"],[166,170,"PERSON"]]}],["She 'll serve as assistant to the President and counselor to Vice President - elect Dick Cheney .",{"entities":[[34,43,"NORP"],[61,75,"NORP"],[84,95,"PERSON"]]}],["No comment tonight on his wife 's new job , from Democratic strategist James Carville , who , after all , masterminded Bill Clinton 's successful race against President Bush in 1992 .",{"entities":[[49,59,"NORP"],[71,85,"PERSON"],[119,131,"PERSON"],[169,173,"PERSON"],[177,181,"DATE"]]}]]}