{"classes":["PERSON","NORP","FAC","ORG","GPE","LOC","PRODUCT","EVENT","WORK_OF_ART","LAW","LANGUAGE","DATE","TIME","PERCENT","MONEY","QUANTITY","ORDINAL","CARDINAL"],"annotations":[["Slowing sales of its profitable Jeep Cherokee and Wagoneer sport utility vehicles are forcing Chrysler Corp. to temporarily idle its Toledo , Ohio , assembly plant for the first time since April 1986 .\r",{"entities":[[32,45,"PRODUCT"],[50,58,"PRODUCT"],[94,108,"ORG"],[133,139,"LOC"],[142,146,"LOC"],[189,199,"DATE"]]}],["About 5,500 hourly workers will be laid off for a week beginning Oct. 23 , and overtime has been eliminated at the plant for the fourth quarter , a Chrysler spokesman said .\r",{"entities":[[6,11,"CARDINAL"],[65,72,"DATE"],[148,156,"ORG"]]}],["That 's a significant change from earlier this year when the plant worked substantial overtime only to have sales fall short of the company 's bullish expectations .\r",{"entities":[[42,51,"DATE"]]}],["Sales of Cherokee , the best - selling Jeep , and the lower - volume Wagoneer were actually up about 10 % through the end of last month .\r",{"entities":[[9,17,"ORG"],[39,43,"ORG"],[69,77,"PRODUCT"],[101,105,"PERCENT"],[125,135,"DATE"]]}],["But that 's less than Chrysler officials had hoped when they set ambitious production schedules for the Toledo plant earlier this year .\r",{"entities":[[22,30,"ORG"],[104,110,"LOC"]]}],["Even when it became clear this spring that demand was n't coming up to expectations , Chrysler officials `` resisted '' cutting output because Cherokee and Wagoneer are `` very profitable vehicles , '' the spokesman said .\r",{"entities":[[86,94,"ORG"],[143,151,"PRODUCT"],[156,164,"PRODUCT"]]}],["Instead , Chrysler officials in late May slapped $ 1,000 cash rebates on the vehicles , including the first such incentives on the popular four - door Cherokee since Chrysler bought Jeep in 1987 .\r",{"entities":[[10,18,"ORG"],[32,40,"DATE"],[49,56,"MONEY"],[151,159,"ORG"],[166,174,"ORG"],[182,186,"ORG"],[190,194,"DATE"]]}],["The incentives boosted sales for a while , but the pace had cooled by last month .\r",{"entities":[[70,80,"DATE"]]}],["The result : Chrysler dealers had a bloated 82 - day supply of the Cherokee as of the end of last month and a 161 - day supply of the Comanche pickup , which Toledo also builds .\r",{"entities":[[13,21,"ORG"],[44,46,"CARDINAL"],[67,75,"PRODUCT"],[86,103,"DATE"],[110,113,"CARDINAL"],[134,142,"PRODUCT"],[158,164,"PERSON"]]}],["A 60 - day to 65 - day supply is considered normal .\r",{"entities":[[2,4,"CARDINAL"],[14,16,"CARDINAL"]]}],["At Jasper Jeep - Eagle , one of the largest Jeep dealerships in the country , inventories have continued to swell .\r",{"entities":[[10,22,"PRODUCT"],[44,48,"ORG"]]}],["Steve Lowe , general manager of Jasper , Ga. , dealership , said new rebates of $ 500 to $ 1,000 on the models have stimulated sales , but not enough to significantly cut dealer stocks .\r",{"entities":[[0,10,"PERSON"],[32,57,"ORG"],[80,85,"MONEY"],[89,96,"MONEY"]]}],["`` If people are n't buying , you have to close plants , '' he said .\r",{"entities":[]}],["Separately , Chrysler said it will idle for four weeks the St. Louis assembly plant that builds the Chrysler LeBaron and Dodge Daytona models .\r",{"entities":[[13,21,"LOC"],[59,68,"LOC"],[100,108,"ORG"],[109,116,"PRODUCT"],[121,134,"PRODUCT"]]}],["Chrysler officials said the plant is scheduled to resume production on Nov. 20. , and 3,300 hourly workers will be affected .\r",{"entities":[[0,8,"ORG"],[71,79,"DATE"],[86,91,"CARDINAL"]]}],["General Motors Corp. , meanwhile , said it will idle for yet another week its Linden , N.J. , assembly plant , bringing to three weeks the total time that plant will be idled during October .\r",{"entities":[[0,20,"ORG"],[78,91,"ORG"],[123,128,"CARDINAL"],[182,189,"DATE"]]}],["GM said the assembly plant , which builds the Chevrolet Corsica and Beretta compact cars , originally was scheduled to reopen Monday but now will not resume production until Oct. 30 .\r",{"entities":[[46,55,"ORG"],[56,63,"PRODUCT"],[68,75,"PRODUCT"],[126,132,"DATE"],[174,181,"DATE"]]}],["The shutdown affects 3,000 workers and will cut output by about 4,320 cars .\r",{"entities":[[21,26,"CARDINAL"],[64,69,"CARDINAL"]]}],["Sluggish sales of the Beretta and Corsica spurred GM to offer $ 800 rebates on those cars .\r",{"entities":[[22,29,"PRODUCT"],[34,41,"PRODUCT"],[62,67,"MONEY"]]}],["The Corsica and Beretta make up the highest - volume car line at Chevrolet , but sales of the cars are off 9.6 % for the year , and fell a steep 34.2 % early this month .\r",{"entities":[[4,11,"PRODUCT"],[16,23,"PRODUCT"],[65,74,"ORG"],[107,112,"PERCENT"],[145,151,"PERCENT"],[158,168,"DATE"]]}],["GM has scheduled overtime at its Lordstown , Ohio , and Janesville , Wis. , assembly plants , which build the Chevrolet Cavalier .\r",{"entities":[[33,42,"LOC"],[45,49,"LOC"],[56,73,"LOC"],[110,128,"PRODUCT"]]}],["Ford Motor Co. said it will shut down for one week its Kentucky Truck Plant because of a `` shortage of dealer orders . ''\r",{"entities":[[0,14,"ORG"],[55,75,"FAC"]]}],["The shutdown will idle 2,000 hourly employees and eliminate production of about 1,300 medium and heavy duty trucks .\r",{"entities":[[23,28,"CARDINAL"],[80,85,"CARDINAL"]]}],["The assembly plant is scheduled to resume production on Oct. 30 .\r",{"entities":[[56,63,"DATE"]]}],["Meanwhile , the nine major U.S. auto makers plan to build 143,178 cars this week , down 11.7 % from 162,190 a year ago and flat with last week 's 142,117 car output .\r",{"entities":[[27,31,"GPE"],[58,65,"CARDINAL"],[88,94,"PERCENT"],[100,107,"CARDINAL"],[146,153,"CARDINAL"]]}],["f - Includes Chevrolet Prizm and Toyota Corolla .\r",{"entities":[[13,28,"PRODUCT"],[33,47,"PRODUCT"]]}],["r - Revised .\r",{"entities":[]}],["x - Year - to - date 1988 figure includes Volkswagen domestic - production through July .",{"entities":[[21,25,"CARDINAL"],[42,52,"ORG"],[75,87,"DATE"]]}]]}