{"classes":["PERSON","NORP","FAC","ORG","GPE","LOC","PRODUCT","EVENT","WORK_OF_ART","LAW","LANGUAGE","DATE","TIME","PERCENT","MONEY","QUANTITY","ORDINAL","CARDINAL"],"annotations":[["Canadian steel - ingot production totaled 291,890 metric tons in the week ended Oct. 7 , up 14.8 % from the preceding week 's total of 254,280 tons , Statistics Canada , a federal agency , said .",{"entities":[[0,8,"NORP"],[42,49,"CARDINAL"],[80,86,"DATE"],[92,98,"PERCENT"],[135,142,"CARDINAL"],[150,167,"ORG"]]}],["The week 's total was up 6.2 % from 274,963 tons a year earlier .",{"entities":[[25,30,"PERCENT"],[36,43,"ORDINAL"],[51,63,"DATE"]]}],["The year - to - date total was 12,006,883 tons , up 7.8 % from 11,141,711 tons a year earlier .",{"entities":[[31,41,"CARDINAL"],[52,57,"PERCENT"],[63,73,"CARDINAL"],[81,93,"DATE"]]}]]}